17:19:51.826 [TestNG-test-ChromeTest-1] INFO  test.BankTest.OpenBankingModule(BankTest.java:29)oggger - Banking Module Open
17:19:53.061 [TestNG-test-ChromeTest-2] INFO  test.MoneylinkTest.open_moneylink(MoneylinkTest.java:36)oggger - Monyelink module opening
17:19:54.344 [TestNG-test-ChromeTest-2] INFO  test.MoneylinkTest.open_moneylink(MoneylinkTest.java:38)oggger - Selecting bank and time period for accounting
17:19:58.979 [TestNG-test-ChromeTest-5] INFO  test.BankTest.deleteBank(BankTest.java:65)oggger - Financial Institute Deleted
17:20:05.448 [TestNG-test-ChromeTest-1] INFO  test.MoneylinkTest.reset_moneylinktransaction(MoneylinkTest.java:47)oggger - Selecting transaction for reseting
17:20:39.950 [TestNG-test-ChromeTest-1] INFO  test.MoneylinkTest.reset_moneylinktransaction(MoneylinkTest.java:70)oggger - Transaction reseted
17:20:46.246 [TestNG-test-ChromeTest-1] INFO  test.MoneylinkTest.moneylink_quickentry(MoneylinkTest.java:100)oggger - Selecting record for Moneylink Quick Entry
17:22:34.796 [TestNG-test-EdgeTest-2] INFO  test.MoneylinkTest.open_moneylink(MoneylinkTest.java:36)oggger - Monyelink module opening
17:22:35.172 [TestNG-test-EdgeTest-1] INFO  test.BankTest.OpenBankingModule(BankTest.java:29)oggger - Banking Module Open
17:22:36.209 [TestNG-test-EdgeTest-2] INFO  test.MoneylinkTest.open_moneylink(MoneylinkTest.java:38)oggger - Selecting bank and time period for accounting
17:22:42.801 [TestNG-test-EdgeTest-3] INFO  test.BankTest.Addbank(BankTest.java:41)oggger - Financial Institut added
17:22:47.819 [TestNG-test-EdgeTest-5] INFO  test.MoneylinkTest.reset_moneylinktransaction(MoneylinkTest.java:47)oggger - Selecting transaction for reseting
17:22:49.255 [TestNG-test-EdgeTest-4] INFO  test.BankTest.update_Bank(BankTest.java:53)oggger - Financial Institut updated
17:22:55.672 [TestNG-test-EdgeTest-4] INFO  test.BankTest.deleteBank(BankTest.java:65)oggger - Financial Institute Deleted
17:23:22.022 [TestNG-test-EdgeTest-5] INFO  test.MoneylinkTest.reset_moneylinktransaction(MoneylinkTest.java:70)oggger - Transaction reseted
17:23:28.901 [TestNG-test-EdgeTest-5] INFO  test.MoneylinkTest.moneylink_quickentry(MoneylinkTest.java:100)oggger - Selecting record for Moneylink Quick Entry
17:24:40.686 [TestNG-test-FirefoxTest-2] INFO  test.MoneylinkTest.open_moneylink(MoneylinkTest.java:36)oggger - Monyelink module opening
17:24:42.237 [TestNG-test-FirefoxTest-2] INFO  test.MoneylinkTest.open_moneylink(MoneylinkTest.java:38)oggger - Selecting bank and time period for accounting
17:24:42.644 [TestNG-test-FirefoxTest-1] INFO  test.BankTest.OpenBankingModule(BankTest.java:29)oggger - Banking Module Open
17:24:49.534 [TestNG-test-FirefoxTest-3] INFO  test.BankTest.Addbank(BankTest.java:41)oggger - Financial Institut added
17:24:53.250 [TestNG-test-FirefoxTest-5] INFO  test.MoneylinkTest.reset_moneylinktransaction(MoneylinkTest.java:47)oggger - Selecting transaction for reseting
17:24:55.962 [TestNG-test-FirefoxTest-4] INFO  test.BankTest.update_Bank(BankTest.java:53)oggger - Financial Institut updated
17:25:02.264 [TestNG-test-FirefoxTest-4] INFO  test.BankTest.deleteBank(BankTest.java:65)oggger - Financial Institute Deleted
17:25:29.307 [TestNG-test-FirefoxTest-5] INFO  test.MoneylinkTest.reset_moneylinktransaction(MoneylinkTest.java:70)oggger - Transaction reseted
17:25:36.365 [TestNG-test-FirefoxTest-3] INFO  test.MoneylinkTest.moneylink_quickentry(MoneylinkTest.java:100)oggger - Selecting record for Moneylink Quick Entry
17:25:38.760 [TestNG-tests-2] INFO  test.BankTest.OpenBankingModule(BankTest.java:29)oggger - Banking Module Open
17:25:38.764 [TestNG-tests-1] INFO  test.BankTest.OpenBankingModule(BankTest.java:29)oggger - Banking Module Open
17:25:46.608 [TestNG-tests-3] INFO  test.BankTest.OpenBankingModule(BankTest.java:29)oggger - Banking Module Open
17:25:50.603 [TestNG-tests-1] INFO  test.BankTest.Addbank(BankTest.java:41)oggger - Financial Institut added
17:25:50.649 [TestNG-tests-2] INFO  test.BankTest.Addbank(BankTest.java:41)oggger - Financial Institut added
17:25:53.391 [TestNG-tests-3] INFO  test.BankTest.deleteBank(BankTest.java:65)oggger - Financial Institute Deleted
17:25:57.825 [TestNG-tests-1] INFO  test.BankTest.update_Bank(BankTest.java:53)oggger - Financial Institut updated
17:25:57.897 [TestNG-tests-2] INFO  test.BankTest.update_Bank(BankTest.java:53)oggger - Financial Institut updated
17:26:05.043 [TestNG-tests-1] INFO  test.BankTest.deleteBank(BankTest.java:65)oggger - Financial Institute Deleted
17:26:05.217 [TestNG-tests-2] INFO  test.BankTest.deleteBank(BankTest.java:65)oggger - Financial Institute Deleted
17:26:28.360 [TestNG-tests-3] INFO  test.MoneylinkTest.open_moneylink(MoneylinkTest.java:36)oggger - Monyelink module opening
17:26:28.591 [TestNG-tests-1] INFO  test.MoneylinkTest.open_moneylink(MoneylinkTest.java:36)oggger - Monyelink module opening
17:26:29.886 [TestNG-tests-3] INFO  test.MoneylinkTest.open_moneylink(MoneylinkTest.java:38)oggger - Selecting bank and time period for accounting
17:26:30.953 [TestNG-tests-2] INFO  test.MoneylinkTest.open_moneylink(MoneylinkTest.java:36)oggger - Monyelink module opening
17:26:32.644 [TestNG-tests-1] INFO  test.MoneylinkTest.open_moneylink(MoneylinkTest.java:38)oggger - Selecting bank and time period for accounting
17:26:33.760 [TestNG-tests-2] INFO  test.MoneylinkTest.open_moneylink(MoneylinkTest.java:38)oggger - Selecting bank and time period for accounting
17:26:43.297 [TestNG-tests-3] INFO  test.MoneylinkTest.reset_moneylinktransaction(MoneylinkTest.java:47)oggger - Selecting transaction for reseting
17:26:44.221 [TestNG-tests-1] INFO  test.MoneylinkTest.reset_moneylinktransaction(MoneylinkTest.java:47)oggger - Selecting transaction for reseting
17:26:45.558 [TestNG-tests-2] INFO  test.MoneylinkTest.reset_moneylinktransaction(MoneylinkTest.java:47)oggger - Selecting transaction for reseting
17:27:18.225 [TestNG-tests-3] INFO  test.MoneylinkTest.reset_moneylinktransaction(MoneylinkTest.java:70)oggger - Transaction reseted
17:27:19.505 [TestNG-tests-1] INFO  test.MoneylinkTest.reset_moneylinktransaction(MoneylinkTest.java:70)oggger - Transaction reseted
17:27:20.798 [TestNG-tests-2] INFO  test.MoneylinkTest.reset_moneylinktransaction(MoneylinkTest.java:70)oggger - Transaction reseted
17:27:24.877 [TestNG-tests-3] INFO  test.MoneylinkTest.moneylink_quickentry(MoneylinkTest.java:100)oggger - Selecting record for Moneylink Quick Entry
17:28:22.786 [TestNG-tests-1] INFO  test.MoneylinkTest.moneylink_quickentry(MoneylinkTest.java:100)oggger - Selecting record for Moneylink Quick Entry
17:28:23.960 [TestNG-tests-2] INFO  test.MoneylinkTest.moneylink_quickentry(MoneylinkTest.java:100)oggger - Selecting record for Moneylink Quick Entry
17:28:39.293 [TestNG-tests-1] INFO  test.MoneylinkTest.moneylink_quickentry(MoneylinkTest.java:109)oggger - Moneylink Quick Entry Done
17:28:40.237 [TestNG-tests-2] INFO  test.MoneylinkTest.moneylink_quickentry(MoneylinkTest.java:109)oggger - Moneylink Quick Entry Done
17:29:02.780 [TestNG-tests-1] INFO  test.MoneylinkTest.CR_Bulkentries(MoneylinkTest.java:125)oggger - Moneylink CR_BUlk Entries Done
17:29:03.616 [TestNG-tests-2] INFO  test.MoneylinkTest.CR_Bulkentries(MoneylinkTest.java:125)oggger - Moneylink CR_BUlk Entries Done
17:29:31.228 [TestNG-tests-1] INFO  test.MoneylinkTest.DR_Bulkentries(MoneylinkTest.java:139)oggger - Moneylink DR_BUlk Entries Done
17:29:31.728 [TestNG-tests-2] INFO  test.MoneylinkTest.DR_Bulkentries(MoneylinkTest.java:139)oggger - Moneylink DR_BUlk Entries Done
15:30:07.007 [main] DEBUG org.apache.poi.openxml4j.opc.PackageRelationshipCollection.parseRelationshipsPart(PackageRelationshipCollection.java:307)oggger - Parsing relationship: /xl/_rels/workbook.xml.rels
15:30:07.030 [main] DEBUG org.apache.poi.openxml4j.opc.PackageRelationshipCollection.parseRelationshipsPart(PackageRelationshipCollection.java:307)oggger - Parsing relationship: /xl/worksheets/_rels/sheet1.xml.rels
15:30:07.034 [main] DEBUG org.apache.poi.openxml4j.opc.PackageRelationshipCollection.parseRelationshipsPart(PackageRelationshipCollection.java:307)oggger - Parsing relationship: /_rels/.rels
15:33:43.655 [TestNG-tests-1] DEBUG org.apache.poi.openxml4j.opc.PackageRelationshipCollection.parseRelationshipsPart(PackageRelationshipCollection.java:307)oggger - Parsing relationship: /xl/_rels/workbook.xml.rels
15:33:43.681 [TestNG-tests-1] DEBUG org.apache.poi.openxml4j.opc.PackageRelationshipCollection.parseRelationshipsPart(PackageRelationshipCollection.java:307)oggger - Parsing relationship: /xl/worksheets/_rels/sheet1.xml.rels
15:33:43.689 [TestNG-tests-1] DEBUG org.apache.poi.openxml4j.opc.PackageRelationshipCollection.parseRelationshipsPart(PackageRelationshipCollection.java:307)oggger - Parsing relationship: /_rels/.rels
16:39:19.506 [main] DEBUG org.apache.poi.openxml4j.opc.PackageRelationshipCollection.parseRelationshipsPart(PackageRelationshipCollection.java:307)oggger - Parsing relationship: /xl/_rels/workbook.xml.rels
16:39:19.527 [main] DEBUG org.apache.poi.openxml4j.opc.PackageRelationshipCollection.parseRelationshipsPart(PackageRelationshipCollection.java:307)oggger - Parsing relationship: /xl/worksheets/_rels/sheet1.xml.rels
16:39:19.530 [main] DEBUG org.apache.poi.openxml4j.opc.PackageRelationshipCollection.parseRelationshipsPart(PackageRelationshipCollection.java:307)oggger - Parsing relationship: /_rels/.rels
16:39:56.074 [TestNG-tests-1] DEBUG org.apache.poi.openxml4j.opc.PackageRelationshipCollection.parseRelationshipsPart(PackageRelationshipCollection.java:307)oggger - Parsing relationship: /xl/_rels/workbook.xml.rels
16:39:56.095 [TestNG-tests-1] DEBUG org.apache.poi.openxml4j.opc.PackageRelationshipCollection.parseRelationshipsPart(PackageRelationshipCollection.java:307)oggger - Parsing relationship: /xl/worksheets/_rels/sheet1.xml.rels
16:39:56.097 [TestNG-tests-1] DEBUG org.apache.poi.openxml4j.opc.PackageRelationshipCollection.parseRelationshipsPart(PackageRelationshipCollection.java:307)oggger - Parsing relationship: /_rels/.rels
16:41:12.058 [TestNG-tests-1] DEBUG org.apache.poi.openxml4j.opc.PackageRelationshipCollection.parseRelationshipsPart(PackageRelationshipCollection.java:307)oggger - Parsing relationship: /xl/_rels/workbook.xml.rels
16:41:12.082 [TestNG-tests-1] DEBUG org.apache.poi.openxml4j.opc.PackageRelationshipCollection.parseRelationshipsPart(PackageRelationshipCollection.java:307)oggger - Parsing relationship: /xl/worksheets/_rels/sheet1.xml.rels
16:41:12.086 [TestNG-tests-1] DEBUG org.apache.poi.openxml4j.opc.PackageRelationshipCollection.parseRelationshipsPart(PackageRelationshipCollection.java:307)oggger - Parsing relationship: /_rels/.rels
16:43:42.493 [TestNG-tests-1] DEBUG org.apache.poi.openxml4j.opc.PackageRelationshipCollection.parseRelationshipsPart(PackageRelationshipCollection.java:307)oggger - Parsing relationship: /xl/_rels/workbook.xml.rels
16:43:42.513 [TestNG-tests-1] DEBUG org.apache.poi.openxml4j.opc.PackageRelationshipCollection.parseRelationshipsPart(PackageRelationshipCollection.java:307)oggger - Parsing relationship: /xl/worksheets/_rels/sheet1.xml.rels
16:43:42.517 [TestNG-tests-1] DEBUG org.apache.poi.openxml4j.opc.PackageRelationshipCollection.parseRelationshipsPart(PackageRelationshipCollection.java:307)oggger - Parsing relationship: /_rels/.rels
16:46:24.069 [TestNG-tests-1] DEBUG org.apache.poi.openxml4j.opc.PackageRelationshipCollection.parseRelationshipsPart(PackageRelationshipCollection.java:307)oggger - Parsing relationship: /xl/_rels/workbook.xml.rels
16:46:24.089 [TestNG-tests-1] DEBUG org.apache.poi.openxml4j.opc.PackageRelationshipCollection.parseRelationshipsPart(PackageRelationshipCollection.java:307)oggger - Parsing relationship: /xl/worksheets/_rels/sheet1.xml.rels
16:46:24.098 [TestNG-tests-1] DEBUG org.apache.poi.openxml4j.opc.PackageRelationshipCollection.parseRelationshipsPart(PackageRelationshipCollection.java:307)oggger - Parsing relationship: /_rels/.rels
16:51:05.094 [TestNG-tests-1] DEBUG org.apache.poi.openxml4j.opc.PackageRelationshipCollection.parseRelationshipsPart(PackageRelationshipCollection.java:307)oggger - Parsing relationship: /xl/_rels/workbook.xml.rels
16:51:05.110 [TestNG-tests-1] DEBUG org.apache.poi.openxml4j.opc.PackageRelationshipCollection.parseRelationshipsPart(PackageRelationshipCollection.java:307)oggger - Parsing relationship: /xl/worksheets/_rels/sheet1.xml.rels
16:51:05.114 [TestNG-tests-1] DEBUG org.apache.poi.openxml4j.opc.PackageRelationshipCollection.parseRelationshipsPart(PackageRelationshipCollection.java:307)oggger - Parsing relationship: /_rels/.rels
16:54:51.913 [TestNG-tests-1] DEBUG org.apache.poi.openxml4j.opc.PackageRelationshipCollection.parseRelationshipsPart(PackageRelationshipCollection.java:307)oggger - Parsing relationship: /xl/_rels/workbook.xml.rels
16:54:51.924 [TestNG-tests-1] DEBUG org.apache.poi.openxml4j.opc.PackageRelationshipCollection.parseRelationshipsPart(PackageRelationshipCollection.java:307)oggger - Parsing relationship: /xl/worksheets/_rels/sheet1.xml.rels
16:54:51.927 [TestNG-tests-1] DEBUG org.apache.poi.openxml4j.opc.PackageRelationshipCollection.parseRelationshipsPart(PackageRelationshipCollection.java:307)oggger - Parsing relationship: /_rels/.rels
17:07:24.663 [TestNG-tests-1] DEBUG org.apache.poi.openxml4j.opc.PackageRelationshipCollection.parseRelationshipsPart(PackageRelationshipCollection.java:307)oggger - Parsing relationship: /xl/_rels/workbook.xml.rels
17:07:24.675 [TestNG-tests-1] DEBUG org.apache.poi.openxml4j.opc.PackageRelationshipCollection.parseRelationshipsPart(PackageRelationshipCollection.java:307)oggger - Parsing relationship: /xl/worksheets/_rels/sheet1.xml.rels
17:07:24.676 [TestNG-tests-1] DEBUG org.apache.poi.openxml4j.opc.PackageRelationshipCollection.parseRelationshipsPart(PackageRelationshipCollection.java:307)oggger - Parsing relationship: /_rels/.rels
17:08:47.664 [TestNG-tests-1] DEBUG org.apache.poi.openxml4j.opc.PackageRelationshipCollection.parseRelationshipsPart(PackageRelationshipCollection.java:307)oggger - Parsing relationship: /xl/_rels/workbook.xml.rels
17:08:47.680 [TestNG-tests-1] DEBUG org.apache.poi.openxml4j.opc.PackageRelationshipCollection.parseRelationshipsPart(PackageRelationshipCollection.java:307)oggger - Parsing relationship: /xl/worksheets/_rels/sheet1.xml.rels
17:08:47.683 [TestNG-tests-1] DEBUG org.apache.poi.openxml4j.opc.PackageRelationshipCollection.parseRelationshipsPart(PackageRelationshipCollection.java:307)oggger - Parsing relationship: /_rels/.rels
17:09:54.705 [TestNG-tests-1] DEBUG org.apache.poi.openxml4j.opc.PackageRelationshipCollection.parseRelationshipsPart(PackageRelationshipCollection.java:307)oggger - Parsing relationship: /xl/_rels/workbook.xml.rels
17:09:54.718 [TestNG-tests-1] DEBUG org.apache.poi.openxml4j.opc.PackageRelationshipCollection.parseRelationshipsPart(PackageRelationshipCollection.java:307)oggger - Parsing relationship: /xl/worksheets/_rels/sheet1.xml.rels
17:09:54.721 [TestNG-tests-1] DEBUG org.apache.poi.openxml4j.opc.PackageRelationshipCollection.parseRelationshipsPart(PackageRelationshipCollection.java:307)oggger - Parsing relationship: /_rels/.rels
17:11:02.406 [TestNG-tests-1] DEBUG org.apache.poi.openxml4j.opc.PackageRelationshipCollection.parseRelationshipsPart(PackageRelationshipCollection.java:307)oggger - Parsing relationship: /xl/_rels/workbook.xml.rels
17:11:02.418 [TestNG-tests-1] DEBUG org.apache.poi.openxml4j.opc.PackageRelationshipCollection.parseRelationshipsPart(PackageRelationshipCollection.java:307)oggger - Parsing relationship: /xl/worksheets/_rels/sheet1.xml.rels
17:11:02.422 [TestNG-tests-1] DEBUG org.apache.poi.openxml4j.opc.PackageRelationshipCollection.parseRelationshipsPart(PackageRelationshipCollection.java:307)oggger - Parsing relationship: /_rels/.rels
17:12:18.926 [TestNG-tests-1] DEBUG org.apache.poi.openxml4j.opc.PackageRelationshipCollection.parseRelationshipsPart(PackageRelationshipCollection.java:307)oggger - Parsing relationship: /xl/_rels/workbook.xml.rels
17:12:18.937 [TestNG-tests-1] DEBUG org.apache.poi.openxml4j.opc.PackageRelationshipCollection.parseRelationshipsPart(PackageRelationshipCollection.java:307)oggger - Parsing relationship: /xl/worksheets/_rels/sheet1.xml.rels
17:12:18.939 [TestNG-tests-1] DEBUG org.apache.poi.openxml4j.opc.PackageRelationshipCollection.parseRelationshipsPart(PackageRelationshipCollection.java:307)oggger - Parsing relationship: /_rels/.rels
17:25:30.466 [TestNG-tests-1] DEBUG org.apache.poi.openxml4j.opc.PackageRelationshipCollection.parseRelationshipsPart(PackageRelationshipCollection.java:307)oggger - Parsing relationship: /xl/_rels/workbook.xml.rels
17:25:30.478 [TestNG-tests-1] DEBUG org.apache.poi.openxml4j.opc.PackageRelationshipCollection.parseRelationshipsPart(PackageRelationshipCollection.java:307)oggger - Parsing relationship: /xl/worksheets/_rels/sheet1.xml.rels
17:25:30.480 [TestNG-tests-1] DEBUG org.apache.poi.openxml4j.opc.PackageRelationshipCollection.parseRelationshipsPart(PackageRelationshipCollection.java:307)oggger - Parsing relationship: /_rels/.rels
20:54:20.800 [TestNG-tests-1] DEBUG org.apache.poi.openxml4j.opc.PackageRelationshipCollection.parseRelationshipsPart(PackageRelationshipCollection.java:307)oggger - Parsing relationship: /xl/_rels/workbook.xml.rels
20:54:20.819 [TestNG-tests-1] DEBUG org.apache.poi.openxml4j.opc.PackageRelationshipCollection.parseRelationshipsPart(PackageRelationshipCollection.java:307)oggger - Parsing relationship: /xl/worksheets/_rels/sheet1.xml.rels
20:54:20.819 [TestNG-tests-1] DEBUG org.apache.poi.openxml4j.opc.PackageRelationshipCollection.parseRelationshipsPart(PackageRelationshipCollection.java:307)oggger - Parsing relationship: /_rels/.rels
20:55:18.188 [TestNG-tests-1] DEBUG org.apache.poi.openxml4j.opc.PackageRelationshipCollection.parseRelationshipsPart(PackageRelationshipCollection.java:307)oggger - Parsing relationship: /xl/_rels/workbook.xml.rels
20:55:18.206 [TestNG-tests-1] DEBUG org.apache.poi.openxml4j.opc.PackageRelationshipCollection.parseRelationshipsPart(PackageRelationshipCollection.java:307)oggger - Parsing relationship: /xl/worksheets/_rels/sheet1.xml.rels
20:55:18.209 [TestNG-tests-1] DEBUG org.apache.poi.openxml4j.opc.PackageRelationshipCollection.parseRelationshipsPart(PackageRelationshipCollection.java:307)oggger - Parsing relationship: /_rels/.rels
20:59:56.364 [TestNG-tests-1] DEBUG org.apache.poi.openxml4j.opc.PackageRelationshipCollection.parseRelationshipsPart(PackageRelationshipCollection.java:307)oggger - Parsing relationship: /xl/_rels/workbook.xml.rels
20:59:56.386 [TestNG-tests-1] DEBUG org.apache.poi.openxml4j.opc.PackageRelationshipCollection.parseRelationshipsPart(PackageRelationshipCollection.java:307)oggger - Parsing relationship: /xl/worksheets/_rels/sheet1.xml.rels
20:59:56.392 [TestNG-tests-1] DEBUG org.apache.poi.openxml4j.opc.PackageRelationshipCollection.parseRelationshipsPart(PackageRelationshipCollection.java:307)oggger - Parsing relationship: /_rels/.rels
21:02:47.338 [TestNG-tests-1] DEBUG org.apache.poi.openxml4j.opc.PackageRelationshipCollection.parseRelationshipsPart(PackageRelationshipCollection.java:307)oggger - Parsing relationship: /xl/_rels/workbook.xml.rels
21:02:47.360 [TestNG-tests-1] DEBUG org.apache.poi.openxml4j.opc.PackageRelationshipCollection.parseRelationshipsPart(PackageRelationshipCollection.java:307)oggger - Parsing relationship: /xl/worksheets/_rels/sheet1.xml.rels
21:02:47.362 [TestNG-tests-1] DEBUG org.apache.poi.openxml4j.opc.PackageRelationshipCollection.parseRelationshipsPart(PackageRelationshipCollection.java:307)oggger - Parsing relationship: /_rels/.rels
21:04:37.232 [TestNG-tests-1] DEBUG org.apache.poi.openxml4j.opc.PackageRelationshipCollection.parseRelationshipsPart(PackageRelationshipCollection.java:307)oggger - Parsing relationship: /xl/_rels/workbook.xml.rels
21:04:37.248 [TestNG-tests-1] DEBUG org.apache.poi.openxml4j.opc.PackageRelationshipCollection.parseRelationshipsPart(PackageRelationshipCollection.java:307)oggger - Parsing relationship: /xl/worksheets/_rels/sheet1.xml.rels
21:04:37.248 [TestNG-tests-1] DEBUG org.apache.poi.openxml4j.opc.PackageRelationshipCollection.parseRelationshipsPart(PackageRelationshipCollection.java:307)oggger - Parsing relationship: /_rels/.rels
22:18:36.415 [TestNG-tests-1] DEBUG org.apache.poi.openxml4j.opc.PackageRelationshipCollection.parseRelationshipsPart(PackageRelationshipCollection.java:307)oggger - Parsing relationship: /xl/_rels/workbook.xml.rels
22:18:36.439 [TestNG-tests-1] DEBUG org.apache.poi.openxml4j.opc.PackageRelationshipCollection.parseRelationshipsPart(PackageRelationshipCollection.java:307)oggger - Parsing relationship: /xl/worksheets/_rels/sheet1.xml.rels
22:18:36.445 [TestNG-tests-1] DEBUG org.apache.poi.openxml4j.opc.PackageRelationshipCollection.parseRelationshipsPart(PackageRelationshipCollection.java:307)oggger - Parsing relationship: /_rels/.rels
22:25:12.254 [TestNG-tests-1] DEBUG org.apache.poi.openxml4j.opc.PackageRelationshipCollection.parseRelationshipsPart(PackageRelationshipCollection.java:307)oggger - Parsing relationship: /xl/_rels/workbook.xml.rels
22:25:12.281 [TestNG-tests-1] DEBUG org.apache.poi.openxml4j.opc.PackageRelationshipCollection.parseRelationshipsPart(PackageRelationshipCollection.java:307)oggger - Parsing relationship: /xl/worksheets/_rels/sheet1.xml.rels
22:25:12.283 [TestNG-tests-1] DEBUG org.apache.poi.openxml4j.opc.PackageRelationshipCollection.parseRelationshipsPart(PackageRelationshipCollection.java:307)oggger - Parsing relationship: /_rels/.rels
22:31:04.907 [TestNG-tests-1] DEBUG org.apache.poi.openxml4j.opc.PackageRelationshipCollection.parseRelationshipsPart(PackageRelationshipCollection.java:307)oggger - Parsing relationship: /xl/_rels/workbook.xml.rels
22:31:04.920 [TestNG-tests-1] DEBUG org.apache.poi.openxml4j.opc.PackageRelationshipCollection.parseRelationshipsPart(PackageRelationshipCollection.java:307)oggger - Parsing relationship: /xl/worksheets/_rels/sheet1.xml.rels
22:31:04.929 [TestNG-tests-1] DEBUG org.apache.poi.openxml4j.opc.PackageRelationshipCollection.parseRelationshipsPart(PackageRelationshipCollection.java:307)oggger - Parsing relationship: /_rels/.rels
12:08:57.126 [TestNG-tests-1] DEBUG org.apache.poi.openxml4j.opc.PackageRelationshipCollection.parseRelationshipsPart(PackageRelationshipCollection.java:307)oggger - Parsing relationship: /xl/_rels/workbook.xml.rels
12:08:57.169 [TestNG-tests-1] DEBUG org.apache.poi.openxml4j.opc.PackageRelationshipCollection.parseRelationshipsPart(PackageRelationshipCollection.java:307)oggger - Parsing relationship: /xl/worksheets/_rels/sheet1.xml.rels
12:08:57.178 [TestNG-tests-1] DEBUG org.apache.poi.openxml4j.opc.PackageRelationshipCollection.parseRelationshipsPart(PackageRelationshipCollection.java:307)oggger - Parsing relationship: /_rels/.rels
13:47:49.976 [TestNG-tests-1] DEBUG org.apache.poi.openxml4j.opc.PackageRelationshipCollection.parseRelationshipsPart(PackageRelationshipCollection.java:307)oggger - Parsing relationship: /xl/_rels/workbook.xml.rels
13:47:50.110 [TestNG-tests-1] DEBUG org.apache.poi.openxml4j.opc.PackageRelationshipCollection.parseRelationshipsPart(PackageRelationshipCollection.java:307)oggger - Parsing relationship: /xl/worksheets/_rels/sheet1.xml.rels
13:47:50.144 [TestNG-tests-1] DEBUG org.apache.poi.openxml4j.opc.PackageRelationshipCollection.parseRelationshipsPart(PackageRelationshipCollection.java:307)oggger - Parsing relationship: /_rels/.rels
13:55:02.146 [main] DEBUG org.apache.poi.openxml4j.opc.PackageRelationshipCollection.parseRelationshipsPart(PackageRelationshipCollection.java:307)oggger - Parsing relationship: /xl/_rels/workbook.xml.rels
13:55:02.166 [main] DEBUG org.apache.poi.openxml4j.opc.PackageRelationshipCollection.parseRelationshipsPart(PackageRelationshipCollection.java:307)oggger - Parsing relationship: /xl/worksheets/_rels/sheet1.xml.rels
13:55:02.169 [main] DEBUG org.apache.poi.openxml4j.opc.PackageRelationshipCollection.parseRelationshipsPart(PackageRelationshipCollection.java:307)oggger - Parsing relationship: /_rels/.rels
13:55:32.624 [TestNG-tests-1] DEBUG org.apache.poi.openxml4j.opc.PackageRelationshipCollection.parseRelationshipsPart(PackageRelationshipCollection.java:307)oggger - Parsing relationship: /xl/_rels/workbook.xml.rels
13:55:32.637 [TestNG-tests-1] DEBUG org.apache.poi.openxml4j.opc.PackageRelationshipCollection.parseRelationshipsPart(PackageRelationshipCollection.java:307)oggger - Parsing relationship: /xl/worksheets/_rels/sheet1.xml.rels
13:55:32.642 [TestNG-tests-1] DEBUG org.apache.poi.openxml4j.opc.PackageRelationshipCollection.parseRelationshipsPart(PackageRelationshipCollection.java:307)oggger - Parsing relationship: /_rels/.rels
13:58:06.303 [TestNG-tests-1] DEBUG org.apache.poi.openxml4j.opc.PackageRelationshipCollection.parseRelationshipsPart(PackageRelationshipCollection.java:307)oggger - Parsing relationship: /xl/_rels/workbook.xml.rels
13:58:06.325 [TestNG-tests-1] DEBUG org.apache.poi.openxml4j.opc.PackageRelationshipCollection.parseRelationshipsPart(PackageRelationshipCollection.java:307)oggger - Parsing relationship: /xl/worksheets/_rels/sheet1.xml.rels
13:58:06.325 [TestNG-tests-1] DEBUG org.apache.poi.openxml4j.opc.PackageRelationshipCollection.parseRelationshipsPart(PackageRelationshipCollection.java:307)oggger - Parsing relationship: /_rels/.rels
14:00:09.866 [TestNG-tests-1] DEBUG org.apache.poi.openxml4j.opc.PackageRelationshipCollection.parseRelationshipsPart(PackageRelationshipCollection.java:307)oggger - Parsing relationship: /xl/_rels/workbook.xml.rels
14:00:09.889 [TestNG-tests-1] DEBUG org.apache.poi.openxml4j.opc.PackageRelationshipCollection.parseRelationshipsPart(PackageRelationshipCollection.java:307)oggger - Parsing relationship: /xl/worksheets/_rels/sheet1.xml.rels
14:00:09.895 [TestNG-tests-1] DEBUG org.apache.poi.openxml4j.opc.PackageRelationshipCollection.parseRelationshipsPart(PackageRelationshipCollection.java:307)oggger - Parsing relationship: /_rels/.rels
14:08:27.770 [TestNG-tests-1] DEBUG org.apache.poi.openxml4j.opc.PackageRelationshipCollection.parseRelationshipsPart(PackageRelationshipCollection.java:307)oggger - Parsing relationship: /xl/_rels/workbook.xml.rels
14:08:27.790 [TestNG-tests-1] DEBUG org.apache.poi.openxml4j.opc.PackageRelationshipCollection.parseRelationshipsPart(PackageRelationshipCollection.java:307)oggger - Parsing relationship: /xl/worksheets/_rels/sheet1.xml.rels
14:08:27.794 [TestNG-tests-1] DEBUG org.apache.poi.openxml4j.opc.PackageRelationshipCollection.parseRelationshipsPart(PackageRelationshipCollection.java:307)oggger - Parsing relationship: /_rels/.rels
15:44:10.191 [TestNG-tests-1] DEBUG org.apache.poi.openxml4j.opc.PackageRelationshipCollection.parseRelationshipsPart(PackageRelationshipCollection.java:307)oggger - Parsing relationship: /xl/_rels/workbook.xml.rels
15:44:10.216 [TestNG-tests-1] DEBUG org.apache.poi.openxml4j.opc.PackageRelationshipCollection.parseRelationshipsPart(PackageRelationshipCollection.java:307)oggger - Parsing relationship: /xl/worksheets/_rels/sheet1.xml.rels
15:44:10.221 [TestNG-tests-1] DEBUG org.apache.poi.openxml4j.opc.PackageRelationshipCollection.parseRelationshipsPart(PackageRelationshipCollection.java:307)oggger - Parsing relationship: /_rels/.rels
15:46:38.901 [TestNG-tests-1] DEBUG org.apache.poi.openxml4j.opc.PackageRelationshipCollection.parseRelationshipsPart(PackageRelationshipCollection.java:307)oggger - Parsing relationship: /xl/_rels/workbook.xml.rels
15:46:38.916 [TestNG-tests-1] DEBUG org.apache.poi.openxml4j.opc.PackageRelationshipCollection.parseRelationshipsPart(PackageRelationshipCollection.java:307)oggger - Parsing relationship: /xl/worksheets/_rels/sheet1.xml.rels
15:46:38.922 [TestNG-tests-1] DEBUG org.apache.poi.openxml4j.opc.PackageRelationshipCollection.parseRelationshipsPart(PackageRelationshipCollection.java:307)oggger - Parsing relationship: /_rels/.rels
13:24:59.261 [TestNG-tests-1] DEBUG org.apache.poi.openxml4j.opc.PackageRelationshipCollection.parseRelationshipsPart(PackageRelationshipCollection.java:307)oggger - Parsing relationship: /xl/_rels/workbook.xml.rels
13:24:59.283 [TestNG-tests-1] DEBUG org.apache.poi.openxml4j.opc.PackageRelationshipCollection.parseRelationshipsPart(PackageRelationshipCollection.java:307)oggger - Parsing relationship: /xl/worksheets/_rels/sheet1.xml.rels
13:24:59.285 [TestNG-tests-1] DEBUG org.apache.poi.openxml4j.opc.PackageRelationshipCollection.parseRelationshipsPart(PackageRelationshipCollection.java:307)oggger - Parsing relationship: /_rels/.rels
14:11:54.507 [TestNG-tests-1] INFO  test.BankTest.OpenBankingModule(BankTest.java:29)oggger - Banking Module Open
14:12:04.596 [TestNG-tests-1] ERROR pages.BankingPage.gotobaningmodule(BankingPage.java:90)oggger - Unable to click the banking module
org.openqa.selenium.NoSuchElementException: no such element: Unable to locate element: {"method":"xpath","selector":"//a[@href='/financial-institutes']"}
  (Session info: chrome=150.0.7871.187)
For documentation on this error, please visit: https://www.selenium.dev/documentation/webdriver/troubleshooting/errors#no-such-element-exception
Build info: version: '4.35.0', revision: '1c58e5028b'
System info: os.name: 'Windows 11', os.arch: 'amd64', os.version: '10.0', java.version: '22.0.1'
Driver info: org.openqa.selenium.chrome.ChromeDriver
Command: [3aa33055e6b914d93b5243ff7cb88c3b, findElement {using=xpath, value=//a[@href='/financial-institutes']}]
Capabilities {acceptInsecureCerts: false, browserName: chrome, browserVersion: 150.0.7871.187, chrome: {chromedriverVersion: 150.0.7871.124 (9261fd0a595..., userDataDir: C:\Users\DELL\AppData\Local...}, fedcm:accounts: true, goog:chromeOptions: {debuggerAddress: localhost:60101}, goog:processID: 15760, networkConnectionEnabled: false, pageLoadStrategy: normal, platformName: windows, proxy: Proxy(), se:cdp: ws://localhost:60101/devtoo..., se:cdpVersion: 150.0.7871.187, setWindowRect: true, strictFileInteractability: false, timeouts: {implicit: 0, pageLoad: 300000, script: 30000}, unhandledPromptBehavior: dismiss and notify, webauthn:extension:credBlob: true, webauthn:extension:largeBlob: true, webauthn:extension:minPinLength: true, webauthn:extension:prf: true, webauthn:virtualAuthenticators: true}
Session ID: 3aa33055e6b914d93b5243ff7cb88c3b
	at java.base/jdk.internal.reflect.DirectConstructorHandleAccessor.newInstance(DirectConstructorHandleAccessor.java:62)
	at java.base/java.lang.reflect.Constructor.newInstanceWithCaller(Constructor.java:502)
	at java.base/java.lang.reflect.Constructor.newInstance(Constructor.java:486)
	at org.openqa.selenium.remote.ErrorCodec.decode(ErrorCodec.java:167)
	at org.openqa.selenium.remote.codec.w3c.W3CHttpResponseCodec.decode(W3CHttpResponseCodec.java:138)
	at org.openqa.selenium.remote.codec.w3c.W3CHttpResponseCodec.decode(W3CHttpResponseCodec.java:50)
	at org.openqa.selenium.remote.HttpCommandExecutor.execute(HttpCommandExecutor.java:215)
	at org.openqa.selenium.remote.service.DriverCommandExecutor.invokeExecute(DriverCommandExecutor.java:216)
	at org.openqa.selenium.remote.service.DriverCommandExecutor.execute(DriverCommandExecutor.java:174)
	at org.openqa.selenium.remote.RemoteWebDriver.execute(RemoteWebDriver.java:557)
	at org.openqa.selenium.remote.ElementLocation$ElementFinder$2.findElement(ElementLocation.java:165)
	at org.openqa.selenium.remote.ElementLocation.findElement(ElementLocation.java:59)
	at org.openqa.selenium.remote.RemoteWebDriver.findElement(RemoteWebDriver.java:380)
	at org.openqa.selenium.remote.RemoteWebDriver.findElement(RemoteWebDriver.java:374)
	at org.openqa.selenium.support.pagefactory.DefaultElementLocator.findElement(DefaultElementLocator.java:68)
	at org.openqa.selenium.support.pagefactory.internal.LocatingElementHandler.invoke(LocatingElementHandler.java:38)
	at jdk.proxy2/jdk.proxy2.$Proxy27.click(Unknown Source)
	at pages.BankingPage.gotobaningmodule(BankingPage.java:88)
	at test.BankTest.OpenBankingModule(BankTest.java:30)
	at java.base/jdk.internal.reflect.DirectMethodHandleAccessor.invoke(DirectMethodHandleAccessor.java:103)
	at java.base/java.lang.reflect.Method.invoke(Method.java:580)
	at org.testng.internal.invokers.MethodInvocationHelper.invokeMethod(MethodInvocationHelper.java:141)
	at org.testng.internal.invokers.TestInvoker.invokeMethod(TestInvoker.java:687)
	at org.testng.internal.invokers.TestInvoker.invokeTestMethod(TestInvoker.java:230)
	at org.testng.internal.invokers.MethodRunner.runInSequence(MethodRunner.java:63)
	at org.testng.internal.invokers.TestInvoker$MethodInvocationAgent.invoke(TestInvoker.java:995)
	at org.testng.internal.invokers.TestInvoker.invokeTestMethods(TestInvoker.java:203)
	at org.testng.internal.invokers.TestMethodWorker.invokeTestMethods(TestMethodWorker.java:154)
	at org.testng.internal.invokers.TestMethodWorker.run(TestMethodWorker.java:134)
	at java.base/java.util.ArrayList.forEach(ArrayList.java:1597)
	at org.testng.TestRunner.privateRun(TestRunner.java:741)
	at org.testng.TestRunner.run(TestRunner.java:616)
	at org.testng.SuiteRunner.runTest(SuiteRunner.java:421)
	at org.testng.SuiteRunner$SuiteWorker.run(SuiteRunner.java:463)
	at org.testng.internal.thread.ThreadUtil.lambda$execute$0(ThreadUtil.java:64)
	at java.base/java.util.concurrent.FutureTask.run(FutureTask.java:317)
	at java.base/java.util.concurrent.ThreadPoolExecutor.runWorker(ThreadPoolExecutor.java:1144)
	at java.base/java.util.concurrent.ThreadPoolExecutor$Worker.run(ThreadPoolExecutor.java:642)
	at java.base/java.lang.Thread.run(Thread.java:1570)
14:12:04.613 [TestNG-tests-1] DEBUG pages.BankingPage.gotobaningmodule(BankingPage.java:91)oggger - Debug log........
14:14:23.218 [TestNG-tests-1] INFO  test.BankTest.OpenBankingModule(BankTest.java:29)oggger - Banking Module Open
14:14:33.281 [TestNG-tests-1] ERROR pages.BankingPage.gotobaningmodule(BankingPage.java:90)oggger - Unable to click the banking module
org.openqa.selenium.NoSuchElementException: no such element: Unable to locate element: {"method":"xpath","selector":"//a[@href='/financial-institutes']"}
  (Session info: chrome=150.0.7871.187)
For documentation on this error, please visit: https://www.selenium.dev/documentation/webdriver/troubleshooting/errors#no-such-element-exception
Build info: version: '4.35.0', revision: '1c58e5028b'
System info: os.name: 'Windows 11', os.arch: 'amd64', os.version: '10.0', java.version: '22.0.1'
Driver info: org.openqa.selenium.chrome.ChromeDriver
Command: [46be27ed8ba22cc87b1c824fee36fe50, findElement {using=xpath, value=//a[@href='/financial-institutes']}]
Capabilities {acceptInsecureCerts: false, browserName: chrome, browserVersion: 150.0.7871.187, chrome: {chromedriverVersion: 150.0.7871.124 (9261fd0a595..., userDataDir: C:\Users\DELL\AppData\Local...}, fedcm:accounts: true, goog:chromeOptions: {debuggerAddress: localhost:53230}, goog:processID: 26920, networkConnectionEnabled: false, pageLoadStrategy: normal, platformName: windows, proxy: Proxy(), se:cdp: ws://localhost:53230/devtoo..., se:cdpVersion: 150.0.7871.187, setWindowRect: true, strictFileInteractability: false, timeouts: {implicit: 0, pageLoad: 300000, script: 30000}, unhandledPromptBehavior: dismiss and notify, webauthn:extension:credBlob: true, webauthn:extension:largeBlob: true, webauthn:extension:minPinLength: true, webauthn:extension:prf: true, webauthn:virtualAuthenticators: true}
Session ID: 46be27ed8ba22cc87b1c824fee36fe50
	at java.base/jdk.internal.reflect.DirectConstructorHandleAccessor.newInstance(DirectConstructorHandleAccessor.java:62)
	at java.base/java.lang.reflect.Constructor.newInstanceWithCaller(Constructor.java:502)
	at java.base/java.lang.reflect.Constructor.newInstance(Constructor.java:486)
	at org.openqa.selenium.remote.ErrorCodec.decode(ErrorCodec.java:167)
	at org.openqa.selenium.remote.codec.w3c.W3CHttpResponseCodec.decode(W3CHttpResponseCodec.java:138)
	at org.openqa.selenium.remote.codec.w3c.W3CHttpResponseCodec.decode(W3CHttpResponseCodec.java:50)
	at org.openqa.selenium.remote.HttpCommandExecutor.execute(HttpCommandExecutor.java:215)
	at org.openqa.selenium.remote.service.DriverCommandExecutor.invokeExecute(DriverCommandExecutor.java:216)
	at org.openqa.selenium.remote.service.DriverCommandExecutor.execute(DriverCommandExecutor.java:174)
	at org.openqa.selenium.remote.RemoteWebDriver.execute(RemoteWebDriver.java:557)
	at org.openqa.selenium.remote.ElementLocation$ElementFinder$2.findElement(ElementLocation.java:165)
	at org.openqa.selenium.remote.ElementLocation.findElement(ElementLocation.java:59)
	at org.openqa.selenium.remote.RemoteWebDriver.findElement(RemoteWebDriver.java:380)
	at org.openqa.selenium.remote.RemoteWebDriver.findElement(RemoteWebDriver.java:374)
	at org.openqa.selenium.support.pagefactory.DefaultElementLocator.findElement(DefaultElementLocator.java:68)
	at org.openqa.selenium.support.pagefactory.internal.LocatingElementHandler.invoke(LocatingElementHandler.java:38)
	at jdk.proxy2/jdk.proxy2.$Proxy27.click(Unknown Source)
	at pages.BankingPage.gotobaningmodule(BankingPage.java:88)
	at test.BankTest.OpenBankingModule(BankTest.java:30)
	at java.base/jdk.internal.reflect.DirectMethodHandleAccessor.invoke(DirectMethodHandleAccessor.java:103)
	at java.base/java.lang.reflect.Method.invoke(Method.java:580)
	at org.testng.internal.invokers.MethodInvocationHelper.invokeMethod(MethodInvocationHelper.java:141)
	at org.testng.internal.invokers.TestInvoker.invokeMethod(TestInvoker.java:687)
	at org.testng.internal.invokers.TestInvoker.invokeTestMethod(TestInvoker.java:230)
	at org.testng.internal.invokers.MethodRunner.runInSequence(MethodRunner.java:63)
	at org.testng.internal.invokers.TestInvoker$MethodInvocationAgent.invoke(TestInvoker.java:995)
	at org.testng.internal.invokers.TestInvoker.invokeTestMethods(TestInvoker.java:203)
	at org.testng.internal.invokers.TestMethodWorker.invokeTestMethods(TestMethodWorker.java:154)
	at org.testng.internal.invokers.TestMethodWorker.run(TestMethodWorker.java:134)
	at java.base/java.util.ArrayList.forEach(ArrayList.java:1597)
	at org.testng.TestRunner.privateRun(TestRunner.java:741)
	at org.testng.TestRunner.run(TestRunner.java:616)
	at org.testng.SuiteRunner.runTest(SuiteRunner.java:421)
	at org.testng.SuiteRunner$SuiteWorker.run(SuiteRunner.java:463)
	at org.testng.internal.thread.ThreadUtil.lambda$execute$0(ThreadUtil.java:64)
	at java.base/java.util.concurrent.FutureTask.run(FutureTask.java:317)
	at java.base/java.util.concurrent.ThreadPoolExecutor.runWorker(ThreadPoolExecutor.java:1144)
	at java.base/java.util.concurrent.ThreadPoolExecutor$Worker.run(ThreadPoolExecutor.java:642)
	at java.base/java.lang.Thread.run(Thread.java:1570)
14:14:33.295 [TestNG-tests-1] DEBUG pages.BankingPage.gotobaningmodule(BankingPage.java:91)oggger - Debug log........
14:16:46.612 [TestNG-tests-1] INFO  test.BankTest.OpenBankingModule(BankTest.java:29)oggger - Banking Module Open
14:16:56.709 [TestNG-tests-1] ERROR pages.BankingPage.gotobaningmodule(BankingPage.java:90)oggger - Unable to click the banking module
org.openqa.selenium.NoSuchElementException: no such element: Unable to locate element: {"method":"xpath","selector":"//a[@href='/financial-institutes']"}
  (Session info: chrome=150.0.7871.187)
For documentation on this error, please visit: https://www.selenium.dev/documentation/webdriver/troubleshooting/errors#no-such-element-exception
Build info: version: '4.35.0', revision: '1c58e5028b'
System info: os.name: 'Windows 11', os.arch: 'amd64', os.version: '10.0', java.version: '22.0.1'
Driver info: org.openqa.selenium.chrome.ChromeDriver
Command: [44b459a52be5156d4b2edf8792f5fab6, findElement {value=//a[@href='/financial-institutes'], using=xpath}]
Capabilities {acceptInsecureCerts: false, browserName: chrome, browserVersion: 150.0.7871.187, chrome: {chromedriverVersion: 150.0.7871.124 (9261fd0a595..., userDataDir: C:\Users\DELL\AppData\Local...}, fedcm:accounts: true, goog:chromeOptions: {debuggerAddress: localhost:50147}, goog:processID: 14572, networkConnectionEnabled: false, pageLoadStrategy: normal, platformName: windows, proxy: Proxy(), se:cdp: ws://localhost:50147/devtoo..., se:cdpVersion: 150.0.7871.187, setWindowRect: true, strictFileInteractability: false, timeouts: {implicit: 0, pageLoad: 300000, script: 30000}, unhandledPromptBehavior: dismiss and notify, webauthn:extension:credBlob: true, webauthn:extension:largeBlob: true, webauthn:extension:minPinLength: true, webauthn:extension:prf: true, webauthn:virtualAuthenticators: true}
Session ID: 44b459a52be5156d4b2edf8792f5fab6
	at java.base/jdk.internal.reflect.DirectConstructorHandleAccessor.newInstance(DirectConstructorHandleAccessor.java:62)
	at java.base/java.lang.reflect.Constructor.newInstanceWithCaller(Constructor.java:502)
	at java.base/java.lang.reflect.Constructor.newInstance(Constructor.java:486)
	at org.openqa.selenium.remote.ErrorCodec.decode(ErrorCodec.java:167)
	at org.openqa.selenium.remote.codec.w3c.W3CHttpResponseCodec.decode(W3CHttpResponseCodec.java:138)
	at org.openqa.selenium.remote.codec.w3c.W3CHttpResponseCodec.decode(W3CHttpResponseCodec.java:50)
	at org.openqa.selenium.remote.HttpCommandExecutor.execute(HttpCommandExecutor.java:215)
	at org.openqa.selenium.remote.service.DriverCommandExecutor.invokeExecute(DriverCommandExecutor.java:216)
	at org.openqa.selenium.remote.service.DriverCommandExecutor.execute(DriverCommandExecutor.java:174)
	at org.openqa.selenium.remote.RemoteWebDriver.execute(RemoteWebDriver.java:557)
	at org.openqa.selenium.remote.ElementLocation$ElementFinder$2.findElement(ElementLocation.java:165)
	at org.openqa.selenium.remote.ElementLocation.findElement(ElementLocation.java:59)
	at org.openqa.selenium.remote.RemoteWebDriver.findElement(RemoteWebDriver.java:380)
	at org.openqa.selenium.remote.RemoteWebDriver.findElement(RemoteWebDriver.java:374)
	at org.openqa.selenium.support.pagefactory.DefaultElementLocator.findElement(DefaultElementLocator.java:68)
	at org.openqa.selenium.support.pagefactory.internal.LocatingElementHandler.invoke(LocatingElementHandler.java:38)
	at jdk.proxy2/jdk.proxy2.$Proxy27.click(Unknown Source)
	at pages.BankingPage.gotobaningmodule(BankingPage.java:88)
	at test.BankTest.OpenBankingModule(BankTest.java:30)
	at java.base/jdk.internal.reflect.DirectMethodHandleAccessor.invoke(DirectMethodHandleAccessor.java:103)
	at java.base/java.lang.reflect.Method.invoke(Method.java:580)
	at org.testng.internal.invokers.MethodInvocationHelper.invokeMethod(MethodInvocationHelper.java:141)
	at org.testng.internal.invokers.TestInvoker.invokeMethod(TestInvoker.java:687)
	at org.testng.internal.invokers.TestInvoker.invokeTestMethod(TestInvoker.java:230)
	at org.testng.internal.invokers.MethodRunner.runInSequence(MethodRunner.java:63)
	at org.testng.internal.invokers.TestInvoker$MethodInvocationAgent.invoke(TestInvoker.java:995)
	at org.testng.internal.invokers.TestInvoker.invokeTestMethods(TestInvoker.java:203)
	at org.testng.internal.invokers.TestMethodWorker.invokeTestMethods(TestMethodWorker.java:154)
	at org.testng.internal.invokers.TestMethodWorker.run(TestMethodWorker.java:134)
	at java.base/java.util.ArrayList.forEach(ArrayList.java:1597)
	at org.testng.TestRunner.privateRun(TestRunner.java:741)
	at org.testng.TestRunner.run(TestRunner.java:616)
	at org.testng.SuiteRunner.runTest(SuiteRunner.java:421)
	at org.testng.SuiteRunner$SuiteWorker.run(SuiteRunner.java:463)
	at org.testng.internal.thread.ThreadUtil.lambda$execute$0(ThreadUtil.java:64)
	at java.base/java.util.concurrent.FutureTask.run(FutureTask.java:317)
	at java.base/java.util.concurrent.ThreadPoolExecutor.runWorker(ThreadPoolExecutor.java:1144)
	at java.base/java.util.concurrent.ThreadPoolExecutor$Worker.run(ThreadPoolExecutor.java:642)
	at java.base/java.lang.Thread.run(Thread.java:1570)
14:16:56.717 [TestNG-tests-1] DEBUG pages.BankingPage.gotobaningmodule(BankingPage.java:91)oggger - Debug log........
20:12:45.010 [TestNG-tests-1] INFO  test.BankTest.OpenBankingModule(BankTest.java:29)oggger - Banking Module Open
20:12:45.032 [TestNG-tests-1] ERROR pages.BankingPage.gotobaningmodule(BankingPage.java:90)oggger - Unable to click the banking module
org.openqa.selenium.NoSuchWindowException: no such window: target window already closed
from unknown error: web view not found
  (Session info: chrome=150.0.7871.187)
Build info: version: '4.35.0', revision: '1c58e5028b'
System info: os.name: 'Windows 11', os.arch: 'amd64', os.version: '10.0', java.version: '22.0.1'
Driver info: org.openqa.selenium.chrome.ChromeDriver
Command: [3798fbf17a7c6e73ee0bcea098a0afca, findElement {value=//a[@href='/financial-institutes'], using=xpath}]
Capabilities {acceptInsecureCerts: false, browserName: chrome, browserVersion: 150.0.7871.187, chrome: {chromedriverVersion: 150.0.7871.124 (9261fd0a595..., userDataDir: C:\Users\DELL\AppData\Local...}, fedcm:accounts: true, goog:chromeOptions: {debuggerAddress: localhost:55012}, goog:processID: 23060, networkConnectionEnabled: false, pageLoadStrategy: normal, platformName: windows, proxy: Proxy(), se:cdp: ws://localhost:55012/devtoo..., se:cdpVersion: 150.0.7871.187, setWindowRect: true, strictFileInteractability: false, timeouts: {implicit: 0, pageLoad: 300000, script: 30000}, unhandledPromptBehavior: dismiss and notify, webauthn:extension:credBlob: true, webauthn:extension:largeBlob: true, webauthn:extension:minPinLength: true, webauthn:extension:prf: true, webauthn:virtualAuthenticators: true}
Session ID: 3798fbf17a7c6e73ee0bcea098a0afca
	at java.base/jdk.internal.reflect.DirectConstructorHandleAccessor.newInstance(DirectConstructorHandleAccessor.java:62)
	at java.base/java.lang.reflect.Constructor.newInstanceWithCaller(Constructor.java:502)
	at java.base/java.lang.reflect.Constructor.newInstance(Constructor.java:486)
	at org.openqa.selenium.remote.ErrorCodec.decode(ErrorCodec.java:167)
	at org.openqa.selenium.remote.codec.w3c.W3CHttpResponseCodec.decode(W3CHttpResponseCodec.java:138)
	at org.openqa.selenium.remote.codec.w3c.W3CHttpResponseCodec.decode(W3CHttpResponseCodec.java:50)
	at org.openqa.selenium.remote.HttpCommandExecutor.execute(HttpCommandExecutor.java:215)
	at org.openqa.selenium.remote.service.DriverCommandExecutor.invokeExecute(DriverCommandExecutor.java:216)
	at org.openqa.selenium.remote.service.DriverCommandExecutor.execute(DriverCommandExecutor.java:174)
	at org.openqa.selenium.remote.RemoteWebDriver.execute(RemoteWebDriver.java:557)
	at org.openqa.selenium.remote.ElementLocation$ElementFinder$2.findElement(ElementLocation.java:165)
	at org.openqa.selenium.remote.ElementLocation.findElement(ElementLocation.java:59)
	at org.openqa.selenium.remote.RemoteWebDriver.findElement(RemoteWebDriver.java:380)
	at org.openqa.selenium.remote.RemoteWebDriver.findElement(RemoteWebDriver.java:374)
	at org.openqa.selenium.support.pagefactory.DefaultElementLocator.findElement(DefaultElementLocator.java:68)
	at org.openqa.selenium.support.pagefactory.internal.LocatingElementHandler.invoke(LocatingElementHandler.java:38)
	at jdk.proxy2/jdk.proxy2.$Proxy27.click(Unknown Source)
	at pages.BankingPage.gotobaningmodule(BankingPage.java:88)
	at test.BankTest.OpenBankingModule(BankTest.java:30)
	at java.base/jdk.internal.reflect.DirectMethodHandleAccessor.invoke(DirectMethodHandleAccessor.java:103)
	at java.base/java.lang.reflect.Method.invoke(Method.java:580)
	at org.testng.internal.invokers.MethodInvocationHelper.invokeMethod(MethodInvocationHelper.java:141)
	at org.testng.internal.invokers.TestInvoker.invokeMethod(TestInvoker.java:687)
	at org.testng.internal.invokers.TestInvoker.invokeTestMethod(TestInvoker.java:230)
	at org.testng.internal.invokers.MethodRunner.runInSequence(MethodRunner.java:63)
	at org.testng.internal.invokers.TestInvoker$MethodInvocationAgent.invoke(TestInvoker.java:995)
	at org.testng.internal.invokers.TestInvoker.invokeTestMethods(TestInvoker.java:203)
	at org.testng.internal.invokers.TestMethodWorker.invokeTestMethods(TestMethodWorker.java:154)
	at org.testng.internal.invokers.TestMethodWorker.run(TestMethodWorker.java:134)
	at java.base/java.util.ArrayList.forEach(ArrayList.java:1597)
	at org.testng.TestRunner.privateRun(TestRunner.java:741)
	at org.testng.TestRunner.run(TestRunner.java:616)
	at org.testng.SuiteRunner.runTest(SuiteRunner.java:421)
	at org.testng.SuiteRunner$SuiteWorker.run(SuiteRunner.java:463)
	at org.testng.internal.thread.ThreadUtil.lambda$execute$0(ThreadUtil.java:64)
	at java.base/java.util.concurrent.FutureTask.run(FutureTask.java:317)
	at java.base/java.util.concurrent.ThreadPoolExecutor.runWorker(ThreadPoolExecutor.java:1144)
	at java.base/java.util.concurrent.ThreadPoolExecutor$Worker.run(ThreadPoolExecutor.java:642)
	at java.base/java.lang.Thread.run(Thread.java:1570)
20:12:45.037 [TestNG-tests-1] DEBUG pages.BankingPage.gotobaningmodule(BankingPage.java:91)oggger - Debug log........
20:13:27.417 [TestNG-tests-1] INFO  test.BankTest.OpenBankingModule(BankTest.java:29)oggger - Banking Module Open
20:13:40.493 [TestNG-tests-1] ERROR pages.BankingPage.gotobaningmodule(BankingPage.java:90)oggger - Unable to click the banking module
org.openqa.selenium.NoSuchElementException: no such element: Unable to locate element: {"method":"xpath","selector":"//a[@href='/financial-institutes']"}
  (Session info: chrome=150.0.7871.187)
For documentation on this error, please visit: https://www.selenium.dev/documentation/webdriver/troubleshooting/errors#no-such-element-exception
Build info: version: '4.35.0', revision: '1c58e5028b'
System info: os.name: 'Windows 11', os.arch: 'amd64', os.version: '10.0', java.version: '22.0.1'
Driver info: org.openqa.selenium.chrome.ChromeDriver
Command: [161a857a67aecd469138e5b378663c20, findElement {value=//a[@href='/financial-institutes'], using=xpath}]
Capabilities {acceptInsecureCerts: false, browserName: chrome, browserVersion: 150.0.7871.187, chrome: {chromedriverVersion: 150.0.7871.124 (9261fd0a595..., userDataDir: C:\Users\DELL\AppData\Local...}, fedcm:accounts: true, goog:chromeOptions: {debuggerAddress: localhost:65284}, goog:processID: 26656, networkConnectionEnabled: false, pageLoadStrategy: normal, platformName: windows, proxy: Proxy(), se:cdp: ws://localhost:65284/devtoo..., se:cdpVersion: 150.0.7871.187, setWindowRect: true, strictFileInteractability: false, timeouts: {implicit: 0, pageLoad: 300000, script: 30000}, unhandledPromptBehavior: dismiss and notify, webauthn:extension:credBlob: true, webauthn:extension:largeBlob: true, webauthn:extension:minPinLength: true, webauthn:extension:prf: true, webauthn:virtualAuthenticators: true}
Session ID: 161a857a67aecd469138e5b378663c20
	at java.base/jdk.internal.reflect.DirectConstructorHandleAccessor.newInstance(DirectConstructorHandleAccessor.java:62)
	at java.base/java.lang.reflect.Constructor.newInstanceWithCaller(Constructor.java:502)
	at java.base/java.lang.reflect.Constructor.newInstance(Constructor.java:486)
	at org.openqa.selenium.remote.ErrorCodec.decode(ErrorCodec.java:167)
	at org.openqa.selenium.remote.codec.w3c.W3CHttpResponseCodec.decode(W3CHttpResponseCodec.java:138)
	at org.openqa.selenium.remote.codec.w3c.W3CHttpResponseCodec.decode(W3CHttpResponseCodec.java:50)
	at org.openqa.selenium.remote.HttpCommandExecutor.execute(HttpCommandExecutor.java:215)
	at org.openqa.selenium.remote.service.DriverCommandExecutor.invokeExecute(DriverCommandExecutor.java:216)
	at org.openqa.selenium.remote.service.DriverCommandExecutor.execute(DriverCommandExecutor.java:174)
	at org.openqa.selenium.remote.RemoteWebDriver.execute(RemoteWebDriver.java:557)
	at org.openqa.selenium.remote.ElementLocation$ElementFinder$2.findElement(ElementLocation.java:165)
	at org.openqa.selenium.remote.ElementLocation.findElement(ElementLocation.java:59)
	at org.openqa.selenium.remote.RemoteWebDriver.findElement(RemoteWebDriver.java:380)
	at org.openqa.selenium.remote.RemoteWebDriver.findElement(RemoteWebDriver.java:374)
	at org.openqa.selenium.support.pagefactory.DefaultElementLocator.findElement(DefaultElementLocator.java:68)
	at org.openqa.selenium.support.pagefactory.internal.LocatingElementHandler.invoke(LocatingElementHandler.java:38)
	at jdk.proxy2/jdk.proxy2.$Proxy30.click(Unknown Source)
	at pages.BankingPage.gotobaningmodule(BankingPage.java:88)
	at test.BankTest.OpenBankingModule(BankTest.java:30)
	at java.base/jdk.internal.reflect.DirectMethodHandleAccessor.invoke(DirectMethodHandleAccessor.java:103)
	at java.base/java.lang.reflect.Method.invoke(Method.java:580)
	at org.testng.internal.invokers.MethodInvocationHelper.invokeMethod(MethodInvocationHelper.java:141)
	at org.testng.internal.invokers.TestInvoker.invokeMethod(TestInvoker.java:687)
	at org.testng.internal.invokers.TestInvoker.invokeTestMethod(TestInvoker.java:230)
	at org.testng.internal.invokers.MethodRunner.runInSequence(MethodRunner.java:63)
	at org.testng.internal.invokers.TestInvoker$MethodInvocationAgent.invoke(TestInvoker.java:995)
	at org.testng.internal.invokers.TestInvoker.invokeTestMethods(TestInvoker.java:203)
	at org.testng.internal.invokers.TestMethodWorker.invokeTestMethods(TestMethodWorker.java:154)
	at org.testng.internal.invokers.TestMethodWorker.run(TestMethodWorker.java:134)
	at java.base/java.util.ArrayList.forEach(ArrayList.java:1597)
	at org.testng.TestRunner.privateRun(TestRunner.java:741)
	at org.testng.TestRunner.run(TestRunner.java:616)
	at org.testng.SuiteRunner.runTest(SuiteRunner.java:421)
	at org.testng.SuiteRunner$SuiteWorker.run(SuiteRunner.java:463)
	at org.testng.internal.thread.ThreadUtil.lambda$execute$0(ThreadUtil.java:64)
	at java.base/java.util.concurrent.FutureTask.run(FutureTask.java:317)
	at java.base/java.util.concurrent.ThreadPoolExecutor.runWorker(ThreadPoolExecutor.java:1144)
	at java.base/java.util.concurrent.ThreadPoolExecutor$Worker.run(ThreadPoolExecutor.java:642)
	at java.base/java.lang.Thread.run(Thread.java:1570)
20:13:40.500 [TestNG-tests-1] DEBUG pages.BankingPage.gotobaningmodule(BankingPage.java:91)oggger - Debug log........
20:25:50.722 [TestNG-tests-1] INFO  test.BankTest.OpenBankingModule(BankTest.java:29)oggger - Banking Module Open
20:25:51.348 [TestNG-tests-1] INFO  pages.BankingPage.addbank(BankingPage.java:98)oggger - Clicking for Add Bank
20:25:51.595 [TestNG-tests-1] INFO  pages.BankingPage.addbank(BankingPage.java:100)oggger - Entering the Financial Institute Details
20:25:56.202 [TestNG-tests-1] INFO  pages.BankingPage.addbank(BankingPage.java:121)oggger - Clicking on the Save Button for adding bank
20:25:58.923 [TestNG-tests-1] INFO  test.BankTest.Addbank(BankTest.java:41)oggger - Financial Institut added
20:26:05.921 [TestNG-tests-1] INFO  test.BankTest.update_Bank(BankTest.java:53)oggger - Financial Institut updated
20:26:12.744 [TestNG-tests-1] INFO  test.BankTest.deleteBank(BankTest.java:65)oggger - Financial Institute Deleted
20:27:58.469 [TestNG-tests-1] INFO  test.BankTest.OpenBankingModule(BankTest.java:29)oggger - Banking Module Open
20:27:59.399 [TestNG-tests-1] INFO  pages.BankingPage.addbank(BankingPage.java:98)oggger - Clicking for Add Bank
20:27:59.652 [TestNG-tests-1] INFO  pages.BankingPage.addbank(BankingPage.java:100)oggger - Entering the Financial Institute Details
20:28:04.458 [TestNG-tests-1] INFO  pages.BankingPage.addbank(BankingPage.java:121)oggger - Clicking on the Save Button for adding bank
20:28:07.291 [TestNG-tests-1] INFO  test.BankTest.Addbank(BankTest.java:41)oggger - Financial Institut added
20:28:14.357 [TestNG-tests-1] INFO  test.BankTest.update_Bank(BankTest.java:53)oggger - Financial Institut updated
20:28:21.737 [TestNG-tests-1] INFO  test.BankTest.deleteBank(BankTest.java:65)oggger - Financial Institute Deleted
10:46:46.473 [main] INFO  test.BankTest.OpenBankingModule(BankTest.java:30)oggger - Banking Module Open
10:46:53.791 [main] INFO  test.BankTest.deleteBank(BankTest.java:66)oggger - Financial Institute Deleted
10:51:12.562 [main] INFO  test.MoneylinkTest.open_moneylink(MoneylinkTest.java:36)oggger - Monyelink module opening
10:51:13.761 [main] INFO  test.MoneylinkTest.open_moneylink(MoneylinkTest.java:38)oggger - Selecting bank and time period for accounting
10:51:22.670 [main] INFO  test.MoneylinkTest.reset_moneylinktransaction(MoneylinkTest.java:47)oggger - Selecting transaction for reseting
10:51:54.478 [main] INFO  test.MoneylinkTest.reset_moneylinktransaction(MoneylinkTest.java:70)oggger - Transaction reseted
10:52:51.089 [main] INFO  test.MoneylinkTest.moneylink_quickentry(MoneylinkTest.java:100)oggger - Selecting record for Moneylink Quick Entry
10:53:04.736 [main] INFO  test.MoneylinkTest.moneylink_quickentry(MoneylinkTest.java:109)oggger - Moneylink Quick Entry Done
10:53:24.271 [main] INFO  test.MoneylinkTest.CR_Bulkentries(MoneylinkTest.java:125)oggger - Moneylink CR_BUlk Entries Done
10:53:49.335 [main] INFO  test.MoneylinkTest.DR_Bulkentries(MoneylinkTest.java:139)oggger - Moneylink DR_BUlk Entries Done
16:49:59.976 [main] INFO  test.BankTest.OpenBankingModule(BankTest.java:30)oggger - Banking Module Open
16:50:00.928 [main] INFO  pages.BankingPage.addbank(BankingPage.java:100)oggger - Clicking for Add Bank
16:50:01.343 [main] INFO  pages.BankingPage.addbank(BankingPage.java:102)oggger - Entering the Financial Institute Details
17:02:17.472 [main] INFO  test.BankTest.OpenBankingModule(BankTest.java:30)oggger - Banking Module Open
17:02:18.390 [main] INFO  pages.BankingPage.addbank(BankingPage.java:100)oggger - Clicking for Add Bank
17:02:18.741 [main] INFO  pages.BankingPage.addbank(BankingPage.java:102)oggger - Entering the Financial Institute Details
17:07:43.389 [main] INFO  test.MoneylinkTest.open_moneylink(MoneylinkTest.java:36)oggger - Monyelink module opening
17:07:44.997 [main] INFO  test.MoneylinkTest.open_moneylink(MoneylinkTest.java:38)oggger - Selecting bank and time period for accounting
17:07:56.062 [main] INFO  test.MoneylinkTest.reset_moneylinktransaction(MoneylinkTest.java:47)oggger - Selecting transaction for reseting
17:08:31.930 [main] INFO  test.MoneylinkTest.reset_moneylinktransaction(MoneylinkTest.java:70)oggger - Transaction reseted
17:09:35.170 [main] INFO  test.MoneylinkTest.moneylink_quickentry(MoneylinkTest.java:100)oggger - Selecting record for Moneylink Quick Entry
17:09:51.450 [main] INFO  test.MoneylinkTest.moneylink_quickentry(MoneylinkTest.java:109)oggger - Moneylink Quick Entry Done
17:10:14.449 [main] INFO  test.MoneylinkTest.CR_Bulkentries(MoneylinkTest.java:125)oggger - Moneylink CR_BUlk Entries Done
17:10:42.641 [main] INFO  test.MoneylinkTest.DR_Bulkentries(MoneylinkTest.java:139)oggger - Moneylink DR_BUlk Entries Done
10:51:50.447 [main] INFO  test.BankTest.OpenBankingModule(BankTest.java:30)oggger - Banking Module Open
10:51:51.036 [main] INFO  pages.BankingPage.addbank(BankingPage.java:100)oggger - Clicking for Add Bank
10:51:51.245 [main] INFO  pages.BankingPage.addbank(BankingPage.java:102)oggger - Entering the Financial Institute Details
10:57:48.675 [main] INFO  test.MoneylinkTest.open_moneylink(MoneylinkTest.java:36)oggger - Monyelink module opening
10:57:50.191 [main] INFO  test.MoneylinkTest.open_moneylink(MoneylinkTest.java:38)oggger - Selecting bank and time period for accounting
10:58:01.413 [main] INFO  test.MoneylinkTest.reset_moneylinktransaction(MoneylinkTest.java:47)oggger - Selecting transaction for reseting
10:58:37.374 [main] INFO  test.MoneylinkTest.reset_moneylinktransaction(MoneylinkTest.java:70)oggger - Transaction reseted
10:59:40.088 [main] INFO  test.MoneylinkTest.moneylink_quickentry(MoneylinkTest.java:100)oggger - Selecting record for Moneylink Quick Entry
10:59:56.299 [main] INFO  test.MoneylinkTest.moneylink_quickentry(MoneylinkTest.java:109)oggger - Moneylink Quick Entry Done
11:00:19.366 [main] INFO  test.MoneylinkTest.CR_Bulkentries(MoneylinkTest.java:125)oggger - Moneylink CR_BUlk Entries Done
11:00:47.101 [main] INFO  test.MoneylinkTest.DR_Bulkentries(MoneylinkTest.java:139)oggger - Moneylink DR_BUlk Entries Done
12:41:35.320 [main] INFO  test.BankTest.OpenBankingModule(BankTest.java:30)oggger - Banking Module Open
12:41:35.898 [main] INFO  pages.BankingPage.addbank(BankingPage.java:99)oggger - Clicking for Add Bank
12:41:36.483 [main] INFO  pages.BankingPage.addbank(BankingPage.java:101)oggger - Entering the Financial Institute Details
12:45:03.556 [main] INFO  test.BankTest.OpenBankingModule(BankTest.java:30)oggger - Banking Module Open
12:45:04.539 [main] INFO  pages.BankingPage.addbank(BankingPage.java:100)oggger - Clicking for Add Bank
12:45:04.887 [main] INFO  pages.BankingPage.addbank(BankingPage.java:102)oggger - Entering the Financial Institute Details
12:45:08.863 [main] INFO  pages.BankingPage.addbank(BankingPage.java:123)oggger - Clicking on the Save Button for adding bank
12:45:11.604 [main] INFO  test.BankTest.Addbank(BankTest.java:42)oggger - Financial Institut added
12:45:19.403 [main] INFO  test.BankTest.update_Bank(BankTest.java:54)oggger - Financial Institut updated
12:45:27.208 [main] INFO  test.BankTest.deleteBank(BankTest.java:66)oggger - Financial Institute Deleted
17:11:30.384 [main] INFO  pages.Snapshot.createSnapshot(Snapshot.java:209)oggger - Create New Snapshot (Manually) 
17:11:48.730 [main] INFO  pages.Snapshot.ExcelImport(Snapshot.java:397)oggger - Creating snapshot using Excel Import
17:12:02.174 [main] INFO  pages.Snapshot.snapshotquickentry(Snapshot.java:508)oggger - Quick Entry starting
17:12:45.409 [main] INFO  pages.Snapshot.createSnapshot(Snapshot.java:209)oggger - Create New Snapshot (Manually) 
17:12:56.462 [main] INFO  pages.Snapshot.createSnapshot(Snapshot.java:260)oggger - Snapshot created Successfully
17:13:03.319 [main] INFO  pages.Snapshot.deleteSnapshot(Snapshot.java:306)oggger - Snapshot Deleted Successfully
17:13:03.518 [main] INFO  pages.Snapshot.ExcelImport(Snapshot.java:397)oggger - Creating snapshot using Excel Import
17:13:59.674 [main] INFO  pages.Snapshot.ExcelImport(Snapshot.java:501)oggger - Created snapshot by Excel Import
17:13:59.811 [main] INFO  pages.Snapshot.snapshotquickentry(Snapshot.java:508)oggger - Quick Entry starting
17:15:05.795 [main] INFO  pages.Snapshot.bulkuploadsnapshot(Snapshot.java:358)oggger - Creating snapshot using bulk upload
17:15:31.556 [main] INFO  pages.Snapshot.deleteselectedsnapshot(Snapshot.java:312)oggger - Deletenig selected Snapshot
22:48:28.616 [main] INFO  pages.Snapshot.createSnapshot(Snapshot.java:209)oggger - Create New Snapshot (Manually) 
22:48:37.482 [main] INFO  pages.Snapshot.createSnapshot(Snapshot.java:260)oggger - Snapshot created Successfully
22:48:43.753 [main] INFO  pages.Snapshot.deleteSnapshot(Snapshot.java:306)oggger - Snapshot Deleted Successfully
22:48:43.797 [main] INFO  pages.Snapshot.ExcelImport(Snapshot.java:397)oggger - Creating snapshot using Excel Import
22:49:36.359 [main] INFO  pages.Snapshot.ExcelImport(Snapshot.java:501)oggger - Created snapshot by Excel Import
22:49:36.395 [main] INFO  pages.Snapshot.snapshotquickentry(Snapshot.java:508)oggger - Quick Entry starting
22:50:25.979 [main] INFO  pages.Snapshot.bulkuploadsnapshot(Snapshot.java:358)oggger - Creating snapshot using bulk upload
22:51:29.510 [main] INFO  pages.Snapshot.bulkuploadsnapshot(Snapshot.java:391)oggger - Snapshot Created successfully by bulk upload
22:51:29.515 [main] INFO  pages.Snapshot.deleteselectedsnapshot(Snapshot.java:312)oggger - Deletenig selected Snapshot
22:51:43.232 [main] INFO  pages.Snapshot.deleteselectedsnapshot(Snapshot.java:352)oggger - selected Snapshot Deleted Successfully
22:55:14.125 [main] INFO  test.BankTest.OpenBankingModule(BankTest.java:30)oggger - Banking Module Open
22:55:14.462 [main] INFO  pages.BankingPage.addbank(BankingPage.java:100)oggger - Clicking for Add Bank
22:55:14.887 [main] INFO  pages.BankingPage.addbank(BankingPage.java:102)oggger - Entering the Financial Institute Details
22:55:17.804 [main] INFO  pages.BankingPage.addbank(BankingPage.java:123)oggger - Clicking on the Save Button for adding bank
22:55:20.082 [main] INFO  test.BankTest.Addbank(BankTest.java:42)oggger - Financial Institut added
22:56:54.039 [main] INFO  test.BankTest.OpenBankingModule(BankTest.java:30)oggger - Banking Module Open
22:56:54.324 [main] INFO  pages.BankingPage.addbank(BankingPage.java:100)oggger - Clicking for Add Bank
22:56:54.534 [main] INFO  pages.BankingPage.addbank(BankingPage.java:102)oggger - Entering the Financial Institute Details
22:56:57.440 [main] INFO  pages.BankingPage.addbank(BankingPage.java:123)oggger - Clicking on the Save Button for adding bank
22:56:59.723 [main] INFO  test.BankTest.Addbank(BankTest.java:42)oggger - Financial Institut added
22:58:59.468 [main] INFO  test.BankTest.OpenBankingModule(BankTest.java:30)oggger - Banking Module Open
22:58:59.897 [main] INFO  pages.BankingPage.addbank(BankingPage.java:100)oggger - Clicking for Add Bank
22:58:59.989 [main] INFO  pages.BankingPage.addbank(BankingPage.java:102)oggger - Entering the Financial Institute Details
22:59:03.012 [main] INFO  pages.BankingPage.addbank(BankingPage.java:123)oggger - Clicking on the Save Button for adding bank
23:02:21.169 [main] INFO  test.BankTest.OpenBankingModule(BankTest.java:30)oggger - Banking Module Open
23:02:21.520 [main] INFO  pages.BankingPage.addbank(BankingPage.java:100)oggger - Clicking for Add Bank
23:02:21.803 [main] INFO  pages.BankingPage.addbank(BankingPage.java:102)oggger - Entering the Financial Institute Details
23:02:24.658 [main] INFO  pages.BankingPage.addbank(BankingPage.java:116)oggger - Clicking on the Save Button for adding bank
23:02:25.915 [main] INFO  test.BankTest.Addbank(BankTest.java:42)oggger - Financial Institut added
23:08:05.557 [main] INFO  test.BankTest.OpenBankingModule(BankTest.java:30)oggger - Banking Module Open
23:08:05.893 [main] INFO  pages.BankingPage.addbank(BankingPage.java:100)oggger - Clicking for Add Bank
23:08:06.096 [main] INFO  pages.BankingPage.addbank(BankingPage.java:102)oggger - Entering the Financial Institute Details
23:08:09.039 [main] INFO  pages.BankingPage.addbank(BankingPage.java:116)oggger - Clicking on the Save Button for adding bank
23:08:10.294 [main] INFO  test.BankTest.Addbank(BankTest.java:42)oggger - Financial Institut added
23:08:17.754 [main] INFO  test.BankTest.update_Bank(BankTest.java:54)oggger - Financial Institut updated
23:08:24.553 [main] INFO  test.BankTest.deleteBank(BankTest.java:66)oggger - Financial Institute Deleted
10:34:02.870 [main] INFO  test.MoneylinkTest.open_moneylink(MoneylinkTest.java:36)oggger - Monyelink module opening
10:34:04.450 [main] INFO  test.MoneylinkTest.open_moneylink(MoneylinkTest.java:38)oggger - Selecting bank and time period for accounting
10:34:15.134 [main] INFO  test.MoneylinkTest.reset_moneylinktransaction(MoneylinkTest.java:47)oggger - Selecting transaction for reseting
10:34:50.334 [main] INFO  test.MoneylinkTest.reset_moneylinktransaction(MoneylinkTest.java:70)oggger - Transaction reseted
10:34:57.939 [main] INFO  test.MoneylinkTest.moneylink_quickentry(MoneylinkTest.java:100)oggger - Selecting record for Moneylink Quick Entry
10:39:56.305 [main] INFO  test.MoneylinkTest.open_moneylink(MoneylinkTest.java:36)oggger - Monyelink module opening
10:39:57.946 [main] INFO  test.MoneylinkTest.open_moneylink(MoneylinkTest.java:38)oggger - Selecting bank and time period for accounting
10:40:08.549 [main] INFO  test.MoneylinkTest.reset_moneylinktransaction(MoneylinkTest.java:47)oggger - Selecting transaction for reseting
10:40:43.810 [main] INFO  test.MoneylinkTest.reset_moneylinktransaction(MoneylinkTest.java:70)oggger - Transaction reseted
10:44:30.475 [main] INFO  test.MoneylinkTest.open_moneylink(MoneylinkTest.java:36)oggger - Monyelink module opening
10:44:31.794 [main] INFO  test.MoneylinkTest.open_moneylink(MoneylinkTest.java:38)oggger - Selecting bank and time period for accounting
10:44:42.682 [main] INFO  test.MoneylinkTest.reset_moneylinktransaction(MoneylinkTest.java:47)oggger - Selecting transaction for reseting
10:45:17.781 [main] INFO  test.MoneylinkTest.reset_moneylinktransaction(MoneylinkTest.java:70)oggger - Transaction reseted
10:53:40.285 [main] INFO  test.MoneylinkTest.open_moneylink(MoneylinkTest.java:36)oggger - Monyelink module opening
10:53:41.611 [main] INFO  test.MoneylinkTest.open_moneylink(MoneylinkTest.java:38)oggger - Selecting bank and time period for accounting
10:53:52.171 [main] INFO  test.MoneylinkTest.reset_moneylinktransaction(MoneylinkTest.java:47)oggger - Selecting transaction for reseting
10:54:27.197 [main] INFO  test.MoneylinkTest.reset_moneylinktransaction(MoneylinkTest.java:70)oggger - Transaction reseted
11:01:45.960 [main] INFO  test.MoneylinkTest.open_moneylink(MoneylinkTest.java:36)oggger - Monyelink module opening
11:01:47.422 [main] INFO  test.MoneylinkTest.open_moneylink(MoneylinkTest.java:38)oggger - Selecting bank and time period for accounting
11:01:58.295 [main] INFO  test.MoneylinkTest.reset_moneylinktransaction(MoneylinkTest.java:47)oggger - Selecting transaction for reseting
11:02:34.117 [main] INFO  test.MoneylinkTest.reset_moneylinktransaction(MoneylinkTest.java:70)oggger - Transaction reseted
11:13:03.000 [main] INFO  test.MoneylinkTest.open_moneylink(MoneylinkTest.java:36)oggger - Monyelink module opening
11:13:04.653 [main] INFO  test.MoneylinkTest.open_moneylink(MoneylinkTest.java:38)oggger - Selecting bank and time period for accounting
11:13:15.249 [main] INFO  test.MoneylinkTest.reset_moneylinktransaction(MoneylinkTest.java:47)oggger - Selecting transaction for reseting
11:13:50.468 [main] INFO  test.MoneylinkTest.reset_moneylinktransaction(MoneylinkTest.java:70)oggger - Transaction reseted
11:25:02.040 [main] INFO  test.MoneylinkTest.open_moneylink(MoneylinkTest.java:36)oggger - Monyelink module opening
11:25:03.462 [main] INFO  test.MoneylinkTest.open_moneylink(MoneylinkTest.java:38)oggger - Selecting bank and time period for accounting
11:25:14.312 [main] INFO  test.MoneylinkTest.reset_moneylinktransaction(MoneylinkTest.java:47)oggger - Selecting transaction for reseting
11:25:49.627 [main] INFO  test.MoneylinkTest.reset_moneylinktransaction(MoneylinkTest.java:70)oggger - Transaction reseted
11:29:51.284 [main] INFO  test.MoneylinkTest.open_moneylink(MoneylinkTest.java:36)oggger - Monyelink module opening
11:29:52.766 [main] INFO  test.MoneylinkTest.open_moneylink(MoneylinkTest.java:38)oggger - Selecting bank and time period for accounting
11:32:08.429 [main] INFO  test.MoneylinkTest.open_moneylink(MoneylinkTest.java:36)oggger - Monyelink module opening
11:32:10.142 [main] INFO  test.MoneylinkTest.open_moneylink(MoneylinkTest.java:38)oggger - Selecting bank and time period for accounting
11:33:51.183 [main] INFO  test.MoneylinkTest.open_moneylink(MoneylinkTest.java:36)oggger - Monyelink module opening
11:33:52.688 [main] INFO  test.MoneylinkTest.open_moneylink(MoneylinkTest.java:38)oggger - Selecting bank and time period for accounting
11:45:22.684 [main] INFO  test.MoneylinkTest.open_moneylink(MoneylinkTest.java:36)oggger - Monyelink module opening
11:45:24.109 [main] INFO  test.MoneylinkTest.open_moneylink(MoneylinkTest.java:38)oggger - Selecting bank and time period for accounting
11:49:20.479 [main] INFO  test.MoneylinkTest.open_moneylink(MoneylinkTest.java:36)oggger - Monyelink module opening
11:49:21.829 [main] INFO  test.MoneylinkTest.open_moneylink(MoneylinkTest.java:38)oggger - Selecting bank and time period for accounting
11:50:08.825 [main] INFO  test.MoneylinkTest.single_transaction_accounting(MoneylinkTest.java:93)oggger - Single transaction Accounted
11:52:12.207 [main] INFO  test.MoneylinkTest.open_moneylink(MoneylinkTest.java:36)oggger - Monyelink module opening
11:52:13.670 [main] INFO  test.MoneylinkTest.open_moneylink(MoneylinkTest.java:38)oggger - Selecting bank and time period for accounting
11:52:24.908 [main] INFO  test.MoneylinkTest.reset_moneylinktransaction(MoneylinkTest.java:47)oggger - Selecting transaction for reseting
11:53:00.199 [main] INFO  test.MoneylinkTest.reset_moneylinktransaction(MoneylinkTest.java:70)oggger - Transaction reseted
11:53:36.728 [main] INFO  test.MoneylinkTest.single_transaction_accounting(MoneylinkTest.java:92)oggger - Single transaction Accounted
11:53:36.746 [main] INFO  test.MoneylinkTest.moneylink_quickentry(MoneylinkTest.java:100)oggger - Selecting record for Moneylink Quick Entry
11:53:52.856 [main] INFO  test.MoneylinkTest.moneylink_quickentry(MoneylinkTest.java:109)oggger - Moneylink Quick Entry Done
11:54:15.721 [main] INFO  test.MoneylinkTest.CR_Bulkentries(MoneylinkTest.java:125)oggger - Moneylink CR_BUlk Entries Done
11:54:44.380 [main] INFO  test.MoneylinkTest.DR_Bulkentries(MoneylinkTest.java:139)oggger - Moneylink DR_BUlk Entries Done
19:25:08.610 [main] INFO  test.BankTest.OpenBankingModule(BankTest.java:30)oggger - Banking Module Open
19:25:09.143 [main] INFO  pages.BankingPage.addbank(BankingPage.java:100)oggger - Clicking for Add Bank
19:25:09.711 [main] INFO  pages.BankingPage.addbank(BankingPage.java:102)oggger - Entering the Financial Institute Details
19:25:13.547 [main] INFO  pages.BankingPage.addbank(BankingPage.java:116)oggger - Clicking on the Save Button for adding bank
19:25:15.107 [main] INFO  test.BankTest.Addbank(BankTest.java:42)oggger - Financial Institut added
19:25:23.743 [main] INFO  test.BankTest.update_Bank(BankTest.java:54)oggger - Financial Institut updated
19:25:31.506 [main] INFO  test.BankTest.deleteBank(BankTest.java:66)oggger - Financial Institute Deleted
19:25:48.117 [main] INFO  pages.Snapshot.createSnapshot(Snapshot.java:209)oggger - Create New Snapshot (Manually) 
19:25:57.879 [main] INFO  pages.Snapshot.createSnapshot(Snapshot.java:260)oggger - Snapshot created Successfully
19:26:05.323 [main] INFO  pages.Snapshot.deleteSnapshot(Snapshot.java:306)oggger - Snapshot Deleted Successfully
19:26:05.537 [main] INFO  pages.Snapshot.ExcelImport(Snapshot.java:397)oggger - Creating snapshot using Excel Import
19:27:01.546 [main] INFO  pages.Snapshot.ExcelImport(Snapshot.java:501)oggger - Created snapshot by Excel Import
19:27:01.736 [main] INFO  pages.Snapshot.snapshotquickentry(Snapshot.java:508)oggger - Quick Entry starting
19:27:45.188 [main] INFO  pages.Snapshot.bulkuploadsnapshot(Snapshot.java:358)oggger - Creating snapshot using bulk upload
19:28:58.095 [main] INFO  pages.Snapshot.bulkuploadsnapshot(Snapshot.java:391)oggger - Snapshot Created successfully by bulk upload
19:28:58.109 [main] INFO  pages.Snapshot.deleteselectedsnapshot(Snapshot.java:312)oggger - Deletenig selected Snapshot
19:29:13.893 [main] INFO  pages.Snapshot.deleteselectedsnapshot(Snapshot.java:352)oggger - selected Snapshot Deleted Successfully
19:29:33.465 [main] INFO  test.MoneylinkTest.open_moneylink(MoneylinkTest.java:36)oggger - Monyelink module opening
19:29:34.882 [main] INFO  test.MoneylinkTest.open_moneylink(MoneylinkTest.java:38)oggger - Selecting bank and time period for accounting
19:29:45.630 [main] INFO  test.MoneylinkTest.reset_moneylinktransaction(MoneylinkTest.java:47)oggger - Selecting transaction for reseting
19:30:20.405 [main] INFO  test.MoneylinkTest.reset_moneylinktransaction(MoneylinkTest.java:70)oggger - Transaction reseted
19:30:56.303 [main] INFO  test.MoneylinkTest.single_transaction_accounting(MoneylinkTest.java:92)oggger - Single transaction Accounted
19:30:56.307 [main] INFO  test.MoneylinkTest.moneylink_quickentry(MoneylinkTest.java:100)oggger - Selecting record for Moneylink Quick Entry
19:31:12.410 [main] INFO  test.MoneylinkTest.moneylink_quickentry(MoneylinkTest.java:109)oggger - Moneylink Quick Entry Done
19:31:35.310 [main] INFO  test.MoneylinkTest.CR_Bulkentries(MoneylinkTest.java:125)oggger - Moneylink CR_BUlk Entries Done
19:32:03.873 [main] INFO  test.MoneylinkTest.DR_Bulkentries(MoneylinkTest.java:139)oggger - Moneylink DR_BUlk Entries Done
21:01:39.328 [main] INFO  test.BankTest.OpenBankingModule(BankTest.java:39)oggger - Banking Module Open
21:01:40.352 [main] INFO  pages.BankingPage.addbank(BankingPage.java:113)oggger - Clicking for Add Bank
21:01:40.704 [main] INFO  pages.BankingPage.addbank(BankingPage.java:115)oggger - Entering the Financial Institute Details
21:01:44.490 [main] INFO  pages.BankingPage.addbank(BankingPage.java:129)oggger - Clicking on the Save Button for adding bank
21:01:46.017 [main] INFO  test.BankTest.Addbank(BankTest.java:51)oggger - Financial Institut added
21:01:54.665 [main] INFO  test.BankTest.update_Bank(BankTest.java:63)oggger - Financial Institut updated
21:02:02.432 [main] INFO  test.BankTest.deleteBank(BankTest.java:75)oggger - Financial Institute Deleted
21:02:02.501 [main] INFO  pages.Snapshot.createSnapshot(Snapshot.java:209)oggger - Create New Snapshot (Manually) 
21:02:12.720 [main] INFO  pages.Snapshot.createSnapshot(Snapshot.java:260)oggger - Snapshot created Successfully
21:02:19.837 [main] INFO  pages.Snapshot.deleteSnapshot(Snapshot.java:306)oggger - Snapshot Deleted Successfully
21:02:20.049 [main] INFO  pages.Snapshot.ExcelImport(Snapshot.java:397)oggger - Creating snapshot using Excel Import
21:03:16.089 [main] INFO  pages.Snapshot.ExcelImport(Snapshot.java:501)oggger - Created snapshot by Excel Import
21:03:16.230 [main] INFO  pages.Snapshot.snapshotquickentry(Snapshot.java:508)oggger - Quick Entry starting
21:03:59.983 [main] INFO  pages.Snapshot.bulkuploadsnapshot(Snapshot.java:358)oggger - Creating snapshot using bulk upload
21:05:12.470 [main] INFO  pages.Snapshot.bulkuploadsnapshot(Snapshot.java:391)oggger - Snapshot Created successfully by bulk upload
21:05:12.484 [main] INFO  pages.Snapshot.deleteselectedsnapshot(Snapshot.java:312)oggger - Deletenig selected Snapshot
21:05:28.147 [main] INFO  pages.Snapshot.deleteselectedsnapshot(Snapshot.java:352)oggger - selected Snapshot Deleted Successfully
21:05:28.368 [main] INFO  test.MoneylinkTest.open_moneylink(MoneylinkTest.java:36)oggger - Monyelink module opening
21:05:29.930 [main] INFO  test.MoneylinkTest.open_moneylink(MoneylinkTest.java:38)oggger - Selecting bank and time period for accounting
21:05:41.261 [main] INFO  test.MoneylinkTest.reset_moneylinktransaction(MoneylinkTest.java:47)oggger - Selecting transaction for reseting
21:06:15.959 [main] INFO  test.MoneylinkTest.reset_moneylinktransaction(MoneylinkTest.java:70)oggger - Transaction reseted
21:06:52.086 [main] INFO  test.MoneylinkTest.single_transaction_accounting(MoneylinkTest.java:92)oggger - Single transaction Accounted
21:06:52.095 [main] INFO  test.MoneylinkTest.moneylink_quickentry(MoneylinkTest.java:100)oggger - Selecting record for Moneylink Quick Entry
21:07:08.083 [main] INFO  test.MoneylinkTest.moneylink_quickentry(MoneylinkTest.java:109)oggger - Moneylink Quick Entry Done
21:07:30.639 [main] INFO  test.MoneylinkTest.CR_Bulkentries(MoneylinkTest.java:125)oggger - Moneylink CR_BUlk Entries Done
21:07:58.632 [main] INFO  test.MoneylinkTest.DR_Bulkentries(MoneylinkTest.java:139)oggger - Moneylink DR_BUlk Entries Done
22:34:05.646 [main] INFO  test.BankTest.OpenBankingModule(BankTest.java:39)oggger - Banking Module Open
22:34:05.667 [main] ERROR pages.BankingPage.gotobaningmodule(BankingPage.java:105)oggger - Unable to click the banking module
org.openqa.selenium.NoSuchSessionException: Session ID is null. Using WebDriver after calling quit()?
Build info: version: '4.35.0', revision: '1c58e5028b'
System info: os.name: 'Windows 11', os.arch: 'amd64', os.version: '10.0', java.version: '21.0.12'
Driver info: org.openqa.selenium.chrome.ChromeDriver
Command: [null, findElement {using=xpath, value=//a[@href='/financial-institutes']}]
Capabilities {acceptInsecureCerts: false, browserName: chrome, browserVersion: 151.0.7922.138, chrome: {chromedriverVersion: 151.0.7922.138 (41fa8244239..., userDataDir: C:\Users\DELL\AppData\Local...}, fedcm:accounts: true, goog:chromeOptions: {debuggerAddress: localhost:50857}, goog:processID: 7228, networkConnectionEnabled: false, pageLoadStrategy: normal, platformName: windows, proxy: Proxy(), se:cdp: ws://localhost:50857/devtoo..., se:cdpVersion: 151.0.7922.138, setWindowRect: true, strictFileInteractability: false, timeouts: {implicit: 0, pageLoad: 300000, script: 30000}, unhandledPromptBehavior: dismiss and notify, webauthn:extension:credBlob: true, webauthn:extension:largeBlob: true, webauthn:extension:minPinLength: true, webauthn:extension:prf: true, webauthn:virtualAuthenticators: true}
	at org.openqa.selenium.remote.HttpCommandExecutor.execute(HttpCommandExecutor.java:176)
	at org.openqa.selenium.remote.service.DriverCommandExecutor.invokeExecute(DriverCommandExecutor.java:216)
	at org.openqa.selenium.remote.service.DriverCommandExecutor.execute(DriverCommandExecutor.java:174)
	at org.openqa.selenium.remote.RemoteWebDriver.execute(RemoteWebDriver.java:557)
	at org.openqa.selenium.remote.ElementLocation$ElementFinder$2.findElement(ElementLocation.java:165)
	at org.openqa.selenium.remote.ElementLocation.findElement(ElementLocation.java:59)
	at org.openqa.selenium.remote.RemoteWebDriver.findElement(RemoteWebDriver.java:380)
	at org.openqa.selenium.remote.RemoteWebDriver.findElement(RemoteWebDriver.java:374)
	at org.openqa.selenium.support.pagefactory.DefaultElementLocator.findElement(DefaultElementLocator.java:68)
	at org.openqa.selenium.support.pagefactory.internal.LocatingElementHandler.invoke(LocatingElementHandler.java:38)
	at jdk.proxy2/jdk.proxy2.$Proxy31.click(Unknown Source)
	at pages.BankingPage.gotobaningmodule(BankingPage.java:103)
	at test.BankTest.OpenBankingModule(BankTest.java:40)
	at java.base/jdk.internal.reflect.DirectMethodHandleAccessor.invoke(DirectMethodHandleAccessor.java:103)
	at java.base/java.lang.reflect.Method.invoke(Method.java:580)
	at org.testng.internal.invokers.MethodInvocationHelper.invokeMethod(MethodInvocationHelper.java:141)
	at org.testng.internal.invokers.TestInvoker.invokeMethod(TestInvoker.java:687)
	at org.testng.internal.invokers.TestInvoker.invokeTestMethod(TestInvoker.java:230)
	at org.testng.internal.invokers.MethodRunner.runInSequence(MethodRunner.java:63)
	at org.testng.internal.invokers.TestInvoker$MethodInvocationAgent.invoke(TestInvoker.java:995)
	at org.testng.internal.invokers.TestInvoker.invokeTestMethods(TestInvoker.java:203)
	at org.testng.internal.invokers.TestMethodWorker.invokeTestMethods(TestMethodWorker.java:154)
	at org.testng.internal.invokers.TestMethodWorker.run(TestMethodWorker.java:134)
	at java.base/java.util.ArrayList.forEach(ArrayList.java:1596)
	at org.testng.TestRunner.privateRun(TestRunner.java:741)
	at org.testng.TestRunner.run(TestRunner.java:616)
	at org.testng.SuiteRunner.runTest(SuiteRunner.java:421)
	at org.testng.SuiteRunner.runSequentially(SuiteRunner.java:413)
	at org.testng.SuiteRunner.privateRun(SuiteRunner.java:373)
	at org.testng.SuiteRunner.run(SuiteRunner.java:312)
	at org.testng.SuiteRunnerWorker.runSuite(SuiteRunnerWorker.java:52)
	at org.testng.SuiteRunnerWorker.run(SuiteRunnerWorker.java:95)
	at org.testng.TestNG.runSuitesSequentially(TestNG.java:1274)
	at org.testng.TestNG.runSuitesLocally(TestNG.java:1208)
	at org.testng.TestNG.runSuites(TestNG.java:1112)
	at org.testng.TestNG.run(TestNG.java:1079)
	at org.testng.remote.AbstractRemoteTestNG.run(AbstractRemoteTestNG.java:115)
	at org.testng.remote.RemoteTestNG.initAndRun(RemoteTestNG.java:293)
	at org.testng.remote.RemoteTestNG.main(RemoteTestNG.java:91)
22:34:05.672 [main] DEBUG pages.BankingPage.gotobaningmodule(BankingPage.java:106)oggger - Debug log........
22:36:38.254 [main] INFO  test.BankTest.OpenBankingModule(BankTest.java:39)oggger - Banking Module Open
22:36:39.462 [main] INFO  pages.BankingPage.addbank(BankingPage.java:113)oggger - Clicking for Add Bank
22:36:39.986 [main] INFO  pages.BankingPage.addbank(BankingPage.java:115)oggger - Entering the Financial Institute Details
22:36:44.157 [main] INFO  pages.BankingPage.addbank(BankingPage.java:129)oggger - Clicking on the Save Button for adding bank
22:36:45.833 [main] INFO  test.BankTest.Addbank(BankTest.java:51)oggger - Financial Institut added
22:36:54.399 [main] INFO  test.BankTest.update_Bank(BankTest.java:63)oggger - Financial Institut updated
22:37:01.900 [main] INFO  test.BankTest.deleteBank(BankTest.java:75)oggger - Financial Institute Deleted
22:44:27.807 [main] INFO  test.BankTest.OpenBankingModule(BankTest.java:39)oggger - Banking Module Open
22:44:28.450 [main] INFO  pages.BankingPage.addbank(BankingPage.java:113)oggger - Clicking for Add Bank
22:44:29.271 [main] INFO  pages.BankingPage.addbank(BankingPage.java:115)oggger - Entering the Financial Institute Details
22:44:33.077 [main] INFO  pages.BankingPage.addbank(BankingPage.java:129)oggger - Clicking on the Save Button for adding bank
22:44:34.815 [main] INFO  test.BankTest.Addbank(BankTest.java:51)oggger - Financial Institut added
22:44:43.844 [main] INFO  test.BankTest.update_Bank(BankTest.java:63)oggger - Financial Institut updated
22:44:51.687 [main] INFO  test.BankTest.deleteBank(BankTest.java:75)oggger - Financial Institute Deleted
22:46:25.523 [main] INFO  test.BankTest.OpenBankingModule(BankTest.java:39)oggger - Banking Module Open
22:46:26.245 [main] INFO  pages.BankingPage.addbank(BankingPage.java:113)oggger - Clicking for Add Bank
22:46:26.899 [main] INFO  pages.BankingPage.addbank(BankingPage.java:115)oggger - Entering the Financial Institute Details
22:46:30.808 [main] INFO  pages.BankingPage.addbank(BankingPage.java:129)oggger - Clicking on the Save Button for adding bank
22:46:32.395 [main] INFO  test.BankTest.Addbank(BankTest.java:51)oggger - Financial Institut added
22:46:41.115 [main] INFO  test.BankTest.update_Bank(BankTest.java:63)oggger - Financial Institut updated
22:57:12.539 [main] INFO  test.BankTest.OpenBankingModule(BankTest.java:39)oggger - Banking Module Open
22:57:13.243 [main] INFO  pages.BankingPage.addbank(BankingPage.java:113)oggger - Clicking for Add Bank
22:57:13.921 [main] INFO  pages.BankingPage.addbank(BankingPage.java:115)oggger - Entering the Financial Institute Details
22:57:17.736 [main] INFO  pages.BankingPage.addbank(BankingPage.java:129)oggger - Clicking on the Save Button for adding bank
22:57:19.592 [main] INFO  test.BankTest.Addbank(BankTest.java:51)oggger - Financial Institut added
22:57:28.264 [main] INFO  test.BankTest.update_Bank(BankTest.java:63)oggger - Financial Institut updated
23:22:25.975 [TestNG-tests-2] INFO  test.BankTest.OpenBankingModule(BankTest.java:39)oggger - Banking Module Open
23:22:26.029 [TestNG-tests-3] INFO  test.BankTest.OpenBankingModule(BankTest.java:39)oggger - Banking Module Open
23:22:27.818 [TestNG-tests-2] INFO  pages.BankingPage.addbank(BankingPage.java:113)oggger - Clicking for Add Bank
23:22:28.461 [TestNG-tests-3] INFO  pages.BankingPage.addbank(BankingPage.java:113)oggger - Clicking for Add Bank
23:22:29.040 [TestNG-tests-2] INFO  pages.BankingPage.addbank(BankingPage.java:115)oggger - Entering the Financial Institute Details
23:22:29.763 [TestNG-tests-1] INFO  test.BankTest.OpenBankingModule(BankTest.java:39)oggger - Banking Module Open
23:22:31.711 [TestNG-tests-1] ERROR pages.BankingPage.gotobaningmodule(BankingPage.java:105)oggger - Unable to click the banking module
org.openqa.selenium.ElementClickInterceptedException: element click intercepted: Element <a class="text-decoration-none d-flex align-items-center" href="/financial-institutes">...</a> is not clickable at point (32, 310). Other element would receive the click: <div role="dialog" aria-modal="true" class="fade popup-model add-new-bank-model modal show" tabindex="-1" style="display: block;">...</div>
  (Session info: MicrosoftEdge=149.0.4022.80)
Build info: version: '4.35.0', revision: '1c58e5028b'
System info: os.name: 'Windows 11', os.arch: 'amd64', os.version: '10.0', java.version: '21.0.12'
Driver info: org.openqa.selenium.edge.EdgeDriver
Command: [61e0cfde0d070e8fb17a4209a5dd0b11, clickElement {id=f.872F015E7252698841B3FF064375B708.d.C64810E7213AB666404B80E4C5E3E8D2.e.105}]
Capabilities {acceptInsecureCerts: false, browserName: MicrosoftEdge, browserVersion: 149.0.4022.80, fedcm:accounts: true, goog:processID: 23384, ms:edgeOptions: {debuggerAddress: localhost:64971}, msedge: {msedgedriverVersion: 149.0.4022.98 (d8414318246f..., userDataDir: C:\Users\DELL\AppData\Local...}, networkConnectionEnabled: false, pageLoadStrategy: normal, platformName: windows, proxy: Proxy(), se:cdp: ws://localhost:64971/devtoo..., se:cdpVersion: 149.0.4022.80, setWindowRect: true, strictFileInteractability: false, timeouts: {implicit: 0, pageLoad: 300000, script: 30000}, unhandledPromptBehavior: dismiss and notify, webauthn:extension:credBlob: true, webauthn:extension:largeBlob: true, webauthn:extension:minPinLength: true, webauthn:extension:prf: true, webauthn:virtualAuthenticators: true}
Element: [[EdgeDriver: MicrosoftEdge on windows (61e0cfde0d070e8fb17a4209a5dd0b11)] -> xpath: //a[@href='/financial-institutes']]
Session ID: 61e0cfde0d070e8fb17a4209a5dd0b11
	at java.base/jdk.internal.reflect.DirectConstructorHandleAccessor.newInstance(DirectConstructorHandleAccessor.java:62)
	at java.base/java.lang.reflect.Constructor.newInstanceWithCaller(Constructor.java:502)
	at java.base/java.lang.reflect.Constructor.newInstance(Constructor.java:486)
	at org.openqa.selenium.remote.ErrorCodec.decode(ErrorCodec.java:167)
	at org.openqa.selenium.remote.codec.w3c.W3CHttpResponseCodec.decode(W3CHttpResponseCodec.java:138)
	at org.openqa.selenium.remote.codec.w3c.W3CHttpResponseCodec.decode(W3CHttpResponseCodec.java:50)
	at org.openqa.selenium.remote.HttpCommandExecutor.execute(HttpCommandExecutor.java:215)
	at org.openqa.selenium.remote.service.DriverCommandExecutor.invokeExecute(DriverCommandExecutor.java:216)
	at org.openqa.selenium.remote.service.DriverCommandExecutor.execute(DriverCommandExecutor.java:174)
	at org.openqa.selenium.remote.RemoteWebDriver.execute(RemoteWebDriver.java:557)
	at org.openqa.selenium.remote.RemoteWebElement.execute(RemoteWebElement.java:223)
	at org.openqa.selenium.remote.RemoteWebElement.click(RemoteWebElement.java:76)
	at java.base/jdk.internal.reflect.DirectMethodHandleAccessor.invoke(DirectMethodHandleAccessor.java:103)
	at java.base/java.lang.reflect.Method.invoke(Method.java:580)
	at org.openqa.selenium.support.pagefactory.internal.LocatingElementHandler.invoke(LocatingElementHandler.java:51)
	at jdk.proxy2/jdk.proxy2.$Proxy30.click(Unknown Source)
	at pages.BankingPage.gotobaningmodule(BankingPage.java:103)
	at test.BankTest.OpenBankingModule(BankTest.java:40)
	at java.base/jdk.internal.reflect.DirectMethodHandleAccessor.invoke(DirectMethodHandleAccessor.java:103)
	at java.base/java.lang.reflect.Method.invoke(Method.java:580)
	at org.testng.internal.invokers.MethodInvocationHelper.invokeMethod(MethodInvocationHelper.java:141)
	at org.testng.internal.invokers.TestInvoker.invokeMethod(TestInvoker.java:687)
	at org.testng.internal.invokers.TestInvoker.invokeTestMethod(TestInvoker.java:230)
	at org.testng.internal.invokers.MethodRunner.runInSequence(MethodRunner.java:63)
	at org.testng.internal.invokers.TestInvoker$MethodInvocationAgent.invoke(TestInvoker.java:995)
	at org.testng.internal.invokers.TestInvoker.invokeTestMethods(TestInvoker.java:203)
	at org.testng.internal.invokers.TestMethodWorker.invokeTestMethods(TestMethodWorker.java:154)
	at org.testng.internal.invokers.TestMethodWorker.run(TestMethodWorker.java:134)
	at java.base/java.util.ArrayList.forEach(ArrayList.java:1596)
	at org.testng.TestRunner.privateRun(TestRunner.java:741)
	at org.testng.TestRunner.run(TestRunner.java:616)
	at org.testng.SuiteRunner.runTest(SuiteRunner.java:421)
	at org.testng.SuiteRunner$SuiteWorker.run(SuiteRunner.java:463)
	at org.testng.internal.thread.ThreadUtil.lambda$execute$0(ThreadUtil.java:64)
	at java.base/java.util.concurrent.FutureTask.run(FutureTask.java:317)
	at java.base/java.util.concurrent.ThreadPoolExecutor.runWorker(ThreadPoolExecutor.java:1144)
	at java.base/java.util.concurrent.ThreadPoolExecutor$Worker.run(ThreadPoolExecutor.java:642)
	at java.base/java.lang.Thread.run(Thread.java:1583)
23:22:31.718 [TestNG-tests-1] DEBUG pages.BankingPage.gotobaningmodule(BankingPage.java:106)oggger - Debug log........
23:22:49.361 [TestNG-tests-2] INFO  pages.BankingPage.addbank(BankingPage.java:129)oggger - Clicking on the Save Button for adding bank
23:22:52.103 [TestNG-tests-2] INFO  test.BankTest.Addbank(BankTest.java:51)oggger - Financial Institut added
23:23:33.052 [TestNG-tests-3] INFO  pages.Snapshot.createSnapshot(Snapshot.java:209)oggger - Create New Snapshot (Manually) 
23:23:45.771 [TestNG-tests-1] INFO  pages.Snapshot.createSnapshot(Snapshot.java:209)oggger - Create New Snapshot (Manually) 
23:23:47.039 [TestNG-tests-2] INFO  pages.Snapshot.createSnapshot(Snapshot.java:209)oggger - Create New Snapshot (Manually) 
23:29:27.380 [TestNG-tests-3] INFO  test.BankTest.OpenBankingModule(BankTest.java:39)oggger - Banking Module Open
23:29:27.652 [TestNG-tests-3] ERROR pages.BankingPage.gotobaningmodule(BankingPage.java:105)oggger - Unable to click the banking module
org.openqa.selenium.WebDriverException: Failed to decode response from marionette
Build info: version: '4.35.0', revision: '1c58e5028b'
System info: os.name: 'Windows 11', os.arch: 'amd64', os.version: '10.0', java.version: '21.0.12'
Driver info: org.openqa.selenium.firefox.FirefoxDriver
Command: [77a2b166-047a-467f-bea0-c9f600a889e4, findElement {using=xpath, value=//a[@href='/financial-institutes']}]
Capabilities {acceptInsecureCerts: true, browserName: firefox, browserVersion: 154.0, moz:accessibilityChecks: false, moz:buildID: 20260812182057, moz:geckodriverVersion: 0.37.1, moz:headless: false, moz:platformVersion: 10.0, moz:processID: 18492, moz:profile: C:\Users\DELL\AppData\Local..., moz:shutdownTimeout: 60000, moz:webdriverClick: true, moz:windowless: false, pageLoadStrategy: normal, platformName: windows, proxy: Proxy(), setWindowRect: true, strictFileInteractability: false, timeouts: {implicit: 0, pageLoad: 300000, script: 30000}, unhandledPromptBehavior: dismiss and notify, userAgent: Mozilla/5.0 (Windows NT 10....}
Session ID: 77a2b166-047a-467f-bea0-c9f600a889e4
	at java.base/jdk.internal.reflect.DirectConstructorHandleAccessor.newInstance(DirectConstructorHandleAccessor.java:62)
	at java.base/java.lang.reflect.Constructor.newInstanceWithCaller(Constructor.java:502)
	at java.base/java.lang.reflect.Constructor.newInstance(Constructor.java:486)
	at org.openqa.selenium.remote.ErrorCodec.decode(ErrorCodec.java:167)
	at org.openqa.selenium.remote.codec.w3c.W3CHttpResponseCodec.decode(W3CHttpResponseCodec.java:138)
	at org.openqa.selenium.remote.codec.w3c.W3CHttpResponseCodec.decode(W3CHttpResponseCodec.java:50)
	at org.openqa.selenium.remote.HttpCommandExecutor.execute(HttpCommandExecutor.java:215)
	at org.openqa.selenium.remote.service.DriverCommandExecutor.invokeExecute(DriverCommandExecutor.java:216)
	at org.openqa.selenium.remote.service.DriverCommandExecutor.execute(DriverCommandExecutor.java:174)
	at org.openqa.selenium.remote.RemoteWebDriver.execute(RemoteWebDriver.java:557)
	at org.openqa.selenium.remote.ElementLocation$ElementFinder$2.findElement(ElementLocation.java:165)
	at org.openqa.selenium.remote.ElementLocation.findElement(ElementLocation.java:59)
	at org.openqa.selenium.remote.RemoteWebDriver.findElement(RemoteWebDriver.java:380)
	at org.openqa.selenium.remote.RemoteWebDriver.findElement(RemoteWebDriver.java:374)
	at org.openqa.selenium.support.pagefactory.DefaultElementLocator.findElement(DefaultElementLocator.java:68)
	at org.openqa.selenium.support.pagefactory.internal.LocatingElementHandler.invoke(LocatingElementHandler.java:38)
	at jdk.proxy2/jdk.proxy2.$Proxy30.click(Unknown Source)
	at pages.BankingPage.gotobaningmodule(BankingPage.java:103)
	at test.BankTest.OpenBankingModule(BankTest.java:40)
	at java.base/jdk.internal.reflect.DirectMethodHandleAccessor.invoke(DirectMethodHandleAccessor.java:103)
	at java.base/java.lang.reflect.Method.invoke(Method.java:580)
	at org.testng.internal.invokers.MethodInvocationHelper.invokeMethod(MethodInvocationHelper.java:141)
	at org.testng.internal.invokers.TestInvoker.invokeMethod(TestInvoker.java:687)
	at org.testng.internal.invokers.TestInvoker.invokeTestMethod(TestInvoker.java:230)
	at org.testng.internal.invokers.MethodRunner.runInSequence(MethodRunner.java:63)
	at org.testng.internal.invokers.TestInvoker$MethodInvocationAgent.invoke(TestInvoker.java:995)
	at org.testng.internal.invokers.TestInvoker.invokeTestMethods(TestInvoker.java:203)
	at org.testng.internal.invokers.TestMethodWorker.invokeTestMethods(TestMethodWorker.java:154)
	at org.testng.internal.invokers.TestMethodWorker.run(TestMethodWorker.java:134)
	at java.base/java.util.ArrayList.forEach(ArrayList.java:1596)
	at org.testng.TestRunner.privateRun(TestRunner.java:741)
	at org.testng.TestRunner.run(TestRunner.java:616)
	at org.testng.SuiteRunner.runTest(SuiteRunner.java:421)
	at org.testng.SuiteRunner$SuiteWorker.run(SuiteRunner.java:463)
	at org.testng.internal.thread.ThreadUtil.lambda$execute$0(ThreadUtil.java:64)
	at java.base/java.util.concurrent.FutureTask.run(FutureTask.java:317)
	at java.base/java.util.concurrent.ThreadPoolExecutor.runWorker(ThreadPoolExecutor.java:1144)
	at java.base/java.util.concurrent.ThreadPoolExecutor$Worker.run(ThreadPoolExecutor.java:642)
	at java.base/java.lang.Thread.run(Thread.java:1583)
23:29:27.656 [TestNG-tests-3] DEBUG pages.BankingPage.gotobaningmodule(BankingPage.java:106)oggger - Debug log........
23:51:19.495 [main] INFO  test.BankTest.OpenBankingModule(BankTest.java:39)oggger - Banking Module Open
23:51:19.879 [main] INFO  pages.BankingPage.addbank(BankingPage.java:113)oggger - Clicking for Add Bank
23:51:19.993 [main] INFO  pages.BankingPage.addbank(BankingPage.java:115)oggger - Entering the Financial Institute Details
23:51:22.934 [main] INFO  pages.BankingPage.addbank(BankingPage.java:129)oggger - Clicking on the Save Button for adding bank
23:54:05.279 [main] INFO  test.BankTest.OpenBankingModule(BankTest.java:39)oggger - Banking Module Open
23:54:05.603 [main] INFO  pages.BankingPage.addbank(BankingPage.java:113)oggger - Clicking for Add Bank
23:54:05.705 [main] INFO  pages.BankingPage.addbank(BankingPage.java:115)oggger - Entering the Financial Institute Details
23:54:09.479 [main] INFO  pages.BankingPage.addbank(BankingPage.java:130)oggger - Clicking on the Save Button for adding bank
23:54:10.715 [main] INFO  test.BankTest.Addbank(BankTest.java:51)oggger - Financial Institut added
23:54:18.227 [main] INFO  test.BankTest.update_Bank(BankTest.java:63)oggger - Financial Institut updated
23:56:25.642 [main] INFO  test.BankTest.OpenBankingModule(BankTest.java:39)oggger - Banking Module Open
23:56:26.201 [main] INFO  pages.BankingPage.addbank(BankingPage.java:113)oggger - Clicking for Add Bank
23:56:26.385 [main] INFO  pages.BankingPage.addbank(BankingPage.java:115)oggger - Entering the Financial Institute Details
23:56:30.124 [main] INFO  pages.BankingPage.addbank(BankingPage.java:130)oggger - Clicking on the Save Button for adding bank
23:56:31.340 [main] INFO  test.BankTest.Addbank(BankTest.java:51)oggger - Financial Institut added
23:56:38.816 [main] INFO  test.BankTest.update_Bank(BankTest.java:63)oggger - Financial Institut updated
00:01:59.307 [TestNG-tests-1] INFO  test.BankTest.OpenBankingModule(BankTest.java:39)oggger - Banking Module Open
00:03:11.305 [TestNG-tests-1] ERROR pages.BankingPage.gotobaningmodule(BankingPage.java:105)oggger - Unable to click the banking module
org.openqa.selenium.NoSuchElementException: Unable to locate element: //a[@href='/financial-institutes']
For documentation on this error, please visit: https://www.selenium.dev/documentation/webdriver/troubleshooting/errors#no-such-element-exception
Build info: version: '4.35.0', revision: '1c58e5028b'
System info: os.name: 'Windows 11', os.arch: 'amd64', os.version: '10.0', java.version: '21.0.12'
Driver info: org.openqa.selenium.firefox.FirefoxDriver
Command: [cbca344c-6f4d-4951-abf4-2e4323ffc4b1, findElement {value=//a[@href='/financial-institutes'], using=xpath}]
Capabilities {acceptInsecureCerts: true, browserName: firefox, browserVersion: 154.0, moz:accessibilityChecks: false, moz:buildID: 20260812182057, moz:geckodriverVersion: 0.37.1, moz:headless: false, moz:platformVersion: 10.0, moz:processID: 26420, moz:profile: C:\Users\DELL\AppData\Local..., moz:shutdownTimeout: 60000, moz:webdriverClick: true, moz:windowless: false, pageLoadStrategy: normal, platformName: windows, proxy: Proxy(), setWindowRect: true, strictFileInteractability: false, timeouts: {implicit: 0, pageLoad: 300000, script: 30000}, unhandledPromptBehavior: dismiss and notify, userAgent: Mozilla/5.0 (Windows NT 10....}
Session ID: cbca344c-6f4d-4951-abf4-2e4323ffc4b1
	at java.base/jdk.internal.reflect.DirectConstructorHandleAccessor.newInstance(DirectConstructorHandleAccessor.java:62)
	at java.base/java.lang.reflect.Constructor.newInstanceWithCaller(Constructor.java:502)
	at java.base/java.lang.reflect.Constructor.newInstance(Constructor.java:486)
	at org.openqa.selenium.remote.ErrorCodec.decode(ErrorCodec.java:167)
	at org.openqa.selenium.remote.codec.w3c.W3CHttpResponseCodec.decode(W3CHttpResponseCodec.java:138)
	at org.openqa.selenium.remote.codec.w3c.W3CHttpResponseCodec.decode(W3CHttpResponseCodec.java:50)
	at org.openqa.selenium.remote.HttpCommandExecutor.execute(HttpCommandExecutor.java:215)
	at org.openqa.selenium.remote.service.DriverCommandExecutor.invokeExecute(DriverCommandExecutor.java:216)
	at org.openqa.selenium.remote.service.DriverCommandExecutor.execute(DriverCommandExecutor.java:174)
	at org.openqa.selenium.remote.RemoteWebDriver.execute(RemoteWebDriver.java:557)
	at org.openqa.selenium.remote.ElementLocation$ElementFinder$2.findElement(ElementLocation.java:165)
	at org.openqa.selenium.remote.ElementLocation.findElement(ElementLocation.java:59)
	at org.openqa.selenium.remote.RemoteWebDriver.findElement(RemoteWebDriver.java:380)
	at org.openqa.selenium.remote.RemoteWebDriver.findElement(RemoteWebDriver.java:374)
	at org.openqa.selenium.support.pagefactory.DefaultElementLocator.findElement(DefaultElementLocator.java:68)
	at org.openqa.selenium.support.pagefactory.internal.LocatingElementHandler.invoke(LocatingElementHandler.java:38)
	at jdk.proxy2/jdk.proxy2.$Proxy30.click(Unknown Source)
	at pages.BankingPage.gotobaningmodule(BankingPage.java:103)
	at test.BankTest.OpenBankingModule(BankTest.java:40)
	at java.base/jdk.internal.reflect.DirectMethodHandleAccessor.invoke(DirectMethodHandleAccessor.java:103)
	at java.base/java.lang.reflect.Method.invoke(Method.java:580)
	at org.testng.internal.invokers.MethodInvocationHelper.invokeMethod(MethodInvocationHelper.java:141)
	at org.testng.internal.invokers.TestInvoker.invokeMethod(TestInvoker.java:687)
	at org.testng.internal.invokers.TestInvoker.invokeTestMethod(TestInvoker.java:230)
	at org.testng.internal.invokers.MethodRunner.runInSequence(MethodRunner.java:63)
	at org.testng.internal.invokers.TestInvoker$MethodInvocationAgent.invoke(TestInvoker.java:995)
	at org.testng.internal.invokers.TestInvoker.invokeTestMethods(TestInvoker.java:203)
	at org.testng.internal.invokers.TestMethodWorker.invokeTestMethods(TestMethodWorker.java:154)
	at org.testng.internal.invokers.TestMethodWorker.run(TestMethodWorker.java:134)
	at java.base/java.util.ArrayList.forEach(ArrayList.java:1596)
	at org.testng.TestRunner.privateRun(TestRunner.java:741)
	at org.testng.TestRunner.run(TestRunner.java:616)
	at org.testng.SuiteRunner.runTest(SuiteRunner.java:421)
	at org.testng.SuiteRunner$SuiteWorker.run(SuiteRunner.java:463)
	at org.testng.internal.thread.ThreadUtil.lambda$execute$0(ThreadUtil.java:64)
	at java.base/java.util.concurrent.FutureTask.run(FutureTask.java:317)
	at java.base/java.util.concurrent.ThreadPoolExecutor.runWorker(ThreadPoolExecutor.java:1144)
	at java.base/java.util.concurrent.ThreadPoolExecutor$Worker.run(ThreadPoolExecutor.java:642)
	at java.base/java.lang.Thread.run(Thread.java:1583)
00:03:11.311 [TestNG-tests-1] DEBUG pages.BankingPage.gotobaningmodule(BankingPage.java:106)oggger - Debug log........
10:14:07.079 [TestNG-tests-1] INFO  test.BankTest.OpenBankingModule(BankTest.java:39)oggger - Banking Module Open
10:14:07.629 [TestNG-tests-1] INFO  pages.BankingPage.addbank(BankingPage.java:113)oggger - Clicking for Add Bank
10:14:08.320 [TestNG-tests-1] INFO  pages.BankingPage.addbank(BankingPage.java:115)oggger - Entering the Financial Institute Details
10:14:13.417 [TestNG-tests-1] INFO  pages.BankingPage.addbank(BankingPage.java:130)oggger - Clicking on the Save Button for adding bank
10:14:15.281 [TestNG-tests-1] INFO  test.BankTest.Addbank(BankTest.java:51)oggger - Financial Institut added
10:14:24.193 [TestNG-tests-1] INFO  test.BankTest.update_Bank(BankTest.java:63)oggger - Financial Institut updated
10:18:42.039 [TestNG-test-ChromeTest-2] INFO  test.BankTest.OpenBankingModule(BankTest.java:39)oggger - Banking Module Open
10:18:42.050 [TestNG-test-ChromeTest-2] ERROR pages.BankingPage.gotobaningmodule(BankingPage.java:105)oggger - Unable to click the banking module
org.openqa.selenium.NoSuchSessionException: Session ID is null. Using WebDriver after calling quit()?
Build info: version: '4.35.0', revision: '1c58e5028b'
System info: os.name: 'Windows 11', os.arch: 'amd64', os.version: '10.0', java.version: '21.0.12'
Driver info: org.openqa.selenium.chrome.ChromeDriver
Command: [null, findElement {using=xpath, value=//a[@href='/financial-institutes']}]
Capabilities {acceptInsecureCerts: false, browserName: chrome, browserVersion: 151.0.7922.138, chrome: {chromedriverVersion: 151.0.7922.138 (41fa8244239..., userDataDir: C:\Users\DELL\AppData\Local...}, fedcm:accounts: true, goog:chromeOptions: {debuggerAddress: localhost:55092}, goog:processID: 23020, networkConnectionEnabled: false, pageLoadStrategy: normal, platformName: windows, proxy: Proxy(), se:cdp: ws://localhost:55092/devtoo..., se:cdpVersion: 151.0.7922.138, setWindowRect: true, strictFileInteractability: false, timeouts: {implicit: 0, pageLoad: 300000, script: 30000}, unhandledPromptBehavior: dismiss and notify, webauthn:extension:credBlob: true, webauthn:extension:largeBlob: true, webauthn:extension:minPinLength: true, webauthn:extension:prf: true, webauthn:virtualAuthenticators: true}
	at org.openqa.selenium.remote.HttpCommandExecutor.execute(HttpCommandExecutor.java:176)
	at org.openqa.selenium.remote.service.DriverCommandExecutor.invokeExecute(DriverCommandExecutor.java:216)
	at org.openqa.selenium.remote.service.DriverCommandExecutor.execute(DriverCommandExecutor.java:174)
	at org.openqa.selenium.remote.RemoteWebDriver.execute(RemoteWebDriver.java:557)
	at org.openqa.selenium.remote.ElementLocation$ElementFinder$2.findElement(ElementLocation.java:165)
	at org.openqa.selenium.remote.ElementLocation.findElement(ElementLocation.java:59)
	at org.openqa.selenium.remote.RemoteWebDriver.findElement(RemoteWebDriver.java:380)
	at org.openqa.selenium.remote.RemoteWebDriver.findElement(RemoteWebDriver.java:374)
	at org.openqa.selenium.support.pagefactory.DefaultElementLocator.findElement(DefaultElementLocator.java:68)
	at org.openqa.selenium.support.pagefactory.internal.LocatingElementHandler.invoke(LocatingElementHandler.java:38)
	at jdk.proxy2/jdk.proxy2.$Proxy30.click(Unknown Source)
	at pages.BankingPage.gotobaningmodule(BankingPage.java:103)
	at test.BankTest.OpenBankingModule(BankTest.java:40)
	at java.base/jdk.internal.reflect.DirectMethodHandleAccessor.invoke(DirectMethodHandleAccessor.java:103)
	at java.base/java.lang.reflect.Method.invoke(Method.java:580)
	at org.testng.internal.invokers.MethodInvocationHelper.invokeMethod(MethodInvocationHelper.java:141)
	at org.testng.internal.invokers.TestInvoker.invokeMethod(TestInvoker.java:687)
	at org.testng.internal.invokers.TestInvoker.invokeTestMethod(TestInvoker.java:230)
	at org.testng.internal.invokers.MethodRunner.runInSequence(MethodRunner.java:63)
	at org.testng.internal.invokers.TestInvoker$MethodInvocationAgent.invoke(TestInvoker.java:995)
	at org.testng.internal.invokers.TestInvoker.invokeTestMethods(TestInvoker.java:203)
	at org.testng.internal.invokers.TestMethodWorker.invokeTestMethods(TestMethodWorker.java:154)
	at org.testng.internal.invokers.TestMethodWorker.run(TestMethodWorker.java:134)
	at java.base/java.util.concurrent.Executors$RunnableAdapter.call(Executors.java:572)
	at java.base/java.util.concurrent.FutureTask.run(FutureTask.java:317)
	at org.testng.internal.thread.graph.TestNGFutureTask.run(TestNGFutureTask.java:22)
	at java.base/java.util.concurrent.ThreadPoolExecutor.runWorker(ThreadPoolExecutor.java:1144)
	at java.base/java.util.concurrent.ThreadPoolExecutor$Worker.run(ThreadPoolExecutor.java:642)
	at java.base/java.lang.Thread.run(Thread.java:1583)
10:18:42.054 [TestNG-test-ChromeTest-2] DEBUG pages.BankingPage.gotobaningmodule(BankingPage.java:106)oggger - Debug log........
10:22:10.951 [main] INFO  test.BankTest.OpenBankingModule(BankTest.java:39)oggger - Banking Module Open
10:22:11.615 [main] INFO  pages.BankingPage.addbank(BankingPage.java:113)oggger - Clicking for Add Bank
10:22:12.366 [main] INFO  pages.BankingPage.addbank(BankingPage.java:115)oggger - Entering the Financial Institute Details
10:22:17.517 [main] INFO  pages.BankingPage.addbank(BankingPage.java:130)oggger - Clicking on the Save Button for adding bank
10:22:19.188 [main] INFO  test.BankTest.Addbank(BankTest.java:51)oggger - Financial Institut added
10:22:28.202 [main] INFO  test.BankTest.update_Bank(BankTest.java:63)oggger - Financial Institut updated
10:46:35.980 [main] INFO  test.BankTest.OpenBankingModule(BankTest.java:39)oggger - Banking Module Open
10:46:37.188 [main] INFO  pages.BankingPage.addbank(BankingPage.java:113)oggger - Clicking for Add Bank
10:46:37.616 [main] INFO  pages.BankingPage.addbank(BankingPage.java:115)oggger - Entering the Financial Institute Details
10:46:43.039 [main] INFO  pages.BankingPage.addbank(BankingPage.java:130)oggger - Clicking on the Save Button for adding bank
10:46:44.657 [main] INFO  test.BankTest.Addbank(BankTest.java:51)oggger - Financial Institut added
10:46:53.498 [main] INFO  test.BankTest.update_Bank(BankTest.java:63)oggger - Financial Institut updated
10:48:02.206 [TestNG-test-ChromeTest-2] INFO  test.BankTest.OpenBankingModule(BankTest.java:39)oggger - Banking Module Open
10:48:02.786 [TestNG-test-ChromeTest-3] INFO  pages.BankingPage.addbank(BankingPage.java:113)oggger - Clicking for Add Bank
10:48:03.645 [TestNG-test-ChromeTest-3] INFO  pages.BankingPage.addbank(BankingPage.java:115)oggger - Entering the Financial Institute Details
10:48:08.877 [TestNG-test-ChromeTest-3] INFO  pages.BankingPage.addbank(BankingPage.java:130)oggger - Clicking on the Save Button for adding bank
11:20:39.304 [TestNG-tests-1] INFO  test.BankTest.OpenBankingModule(BankTest.java:39)oggger - Banking Module Open
11:20:48.997 [TestNG-tests-2] INFO  test.BankTest.OpenBankingModule(BankTest.java:39)oggger - Banking Module Open
11:20:59.007 [TestNG-tests-1] ERROR pages.BankingPage.gotobaningmodule(BankingPage.java:105)oggger - Unable to click the banking module
org.openqa.selenium.NoSuchElementException: Unable to locate element: //a[@href='/financial-institutes']
For documentation on this error, please visit: https://www.selenium.dev/documentation/webdriver/troubleshooting/errors#no-such-element-exception
Build info: version: '4.35.0', revision: '1c58e5028b'
System info: os.name: 'Windows 11', os.arch: 'amd64', os.version: '10.0', java.version: '21.0.12'
Driver info: org.openqa.selenium.firefox.FirefoxDriver
Command: [52e694c7-f807-4aa7-b436-71500e1fff79, findElement {using=xpath, value=//a[@href='/financial-institutes']}]
Capabilities {acceptInsecureCerts: true, browserName: firefox, browserVersion: 154.0, moz:accessibilityChecks: false, moz:buildID: 20260812182057, moz:geckodriverVersion: 0.37.1, moz:headless: false, moz:platformVersion: 10.0, moz:processID: 23316, moz:profile: C:\Users\DELL\AppData\Local..., moz:shutdownTimeout: 60000, moz:webdriverClick: true, moz:windowless: false, pageLoadStrategy: normal, platformName: windows, proxy: Proxy(), setWindowRect: true, strictFileInteractability: false, timeouts: {implicit: 0, pageLoad: 300000, script: 30000}, unhandledPromptBehavior: dismiss and notify, userAgent: Mozilla/5.0 (Windows NT 10....}
Session ID: 52e694c7-f807-4aa7-b436-71500e1fff79
	at java.base/jdk.internal.reflect.DirectConstructorHandleAccessor.newInstance(DirectConstructorHandleAccessor.java:62)
	at java.base/java.lang.reflect.Constructor.newInstanceWithCaller(Constructor.java:502)
	at java.base/java.lang.reflect.Constructor.newInstance(Constructor.java:486)
	at org.openqa.selenium.remote.ErrorCodec.decode(ErrorCodec.java:167)
	at org.openqa.selenium.remote.codec.w3c.W3CHttpResponseCodec.decode(W3CHttpResponseCodec.java:138)
	at org.openqa.selenium.remote.codec.w3c.W3CHttpResponseCodec.decode(W3CHttpResponseCodec.java:50)
	at org.openqa.selenium.remote.HttpCommandExecutor.execute(HttpCommandExecutor.java:215)
	at org.openqa.selenium.remote.service.DriverCommandExecutor.invokeExecute(DriverCommandExecutor.java:216)
	at org.openqa.selenium.remote.service.DriverCommandExecutor.execute(DriverCommandExecutor.java:174)
	at org.openqa.selenium.remote.RemoteWebDriver.execute(RemoteWebDriver.java:557)
	at org.openqa.selenium.remote.ElementLocation$ElementFinder$2.findElement(ElementLocation.java:165)
	at org.openqa.selenium.remote.ElementLocation.findElement(ElementLocation.java:59)
	at org.openqa.selenium.remote.RemoteWebDriver.findElement(RemoteWebDriver.java:380)
	at org.openqa.selenium.remote.RemoteWebDriver.findElement(RemoteWebDriver.java:374)
	at org.openqa.selenium.support.pagefactory.DefaultElementLocator.findElement(DefaultElementLocator.java:68)
	at org.openqa.selenium.support.pagefactory.internal.LocatingElementHandler.invoke(LocatingElementHandler.java:38)
	at jdk.proxy2/jdk.proxy2.$Proxy31.click(Unknown Source)
	at pages.BankingPage.gotobaningmodule(BankingPage.java:103)
	at test.BankTest.OpenBankingModule(BankTest.java:40)
	at java.base/jdk.internal.reflect.DirectMethodHandleAccessor.invoke(DirectMethodHandleAccessor.java:103)
	at java.base/java.lang.reflect.Method.invoke(Method.java:580)
	at org.testng.internal.invokers.MethodInvocationHelper.invokeMethod(MethodInvocationHelper.java:141)
	at org.testng.internal.invokers.TestInvoker.invokeMethod(TestInvoker.java:687)
	at org.testng.internal.invokers.TestInvoker.invokeTestMethod(TestInvoker.java:230)
	at org.testng.internal.invokers.MethodRunner.runInSequence(MethodRunner.java:63)
	at org.testng.internal.invokers.TestInvoker$MethodInvocationAgent.invoke(TestInvoker.java:995)
	at org.testng.internal.invokers.TestInvoker.invokeTestMethods(TestInvoker.java:203)
	at org.testng.internal.invokers.TestMethodWorker.invokeTestMethods(TestMethodWorker.java:154)
	at org.testng.internal.invokers.TestMethodWorker.run(TestMethodWorker.java:134)
	at java.base/java.util.ArrayList.forEach(ArrayList.java:1596)
	at org.testng.TestRunner.privateRun(TestRunner.java:741)
	at org.testng.TestRunner.run(TestRunner.java:616)
	at org.testng.SuiteRunner.runTest(SuiteRunner.java:421)
	at org.testng.SuiteRunner$SuiteWorker.run(SuiteRunner.java:463)
	at org.testng.internal.thread.ThreadUtil.lambda$execute$0(ThreadUtil.java:64)
	at java.base/java.util.concurrent.FutureTask.run(FutureTask.java:317)
	at java.base/java.util.concurrent.ThreadPoolExecutor.runWorker(ThreadPoolExecutor.java:1144)
	at java.base/java.util.concurrent.ThreadPoolExecutor$Worker.run(ThreadPoolExecutor.java:642)
	at java.base/java.lang.Thread.run(Thread.java:1583)
11:20:59.018 [TestNG-tests-1] DEBUG pages.BankingPage.gotobaningmodule(BankingPage.java:106)oggger - Debug log........
11:21:09.026 [TestNG-tests-2] ERROR pages.BankingPage.gotobaningmodule(BankingPage.java:105)oggger - Unable to click the banking module
org.openqa.selenium.NoSuchElementException: Unable to locate element: //a[@href='/financial-institutes']
For documentation on this error, please visit: https://www.selenium.dev/documentation/webdriver/troubleshooting/errors#no-such-element-exception
Build info: version: '4.35.0', revision: '1c58e5028b'
System info: os.name: 'Windows 11', os.arch: 'amd64', os.version: '10.0', java.version: '21.0.12'
Driver info: org.openqa.selenium.firefox.FirefoxDriver
Command: [52e694c7-f807-4aa7-b436-71500e1fff79, findElement {using=xpath, value=//a[@href='/financial-institutes']}]
Capabilities {acceptInsecureCerts: true, browserName: firefox, browserVersion: 154.0, moz:accessibilityChecks: false, moz:buildID: 20260812182057, moz:geckodriverVersion: 0.37.1, moz:headless: false, moz:platformVersion: 10.0, moz:processID: 23316, moz:profile: C:\Users\DELL\AppData\Local..., moz:shutdownTimeout: 60000, moz:webdriverClick: true, moz:windowless: false, pageLoadStrategy: normal, platformName: windows, proxy: Proxy(), setWindowRect: true, strictFileInteractability: false, timeouts: {implicit: 0, pageLoad: 300000, script: 30000}, unhandledPromptBehavior: dismiss and notify, userAgent: Mozilla/5.0 (Windows NT 10....}
Session ID: 52e694c7-f807-4aa7-b436-71500e1fff79
	at java.base/jdk.internal.reflect.DirectConstructorHandleAccessor.newInstance(DirectConstructorHandleAccessor.java:62)
	at java.base/java.lang.reflect.Constructor.newInstanceWithCaller(Constructor.java:502)
	at java.base/java.lang.reflect.Constructor.newInstance(Constructor.java:486)
	at org.openqa.selenium.remote.ErrorCodec.decode(ErrorCodec.java:167)
	at org.openqa.selenium.remote.codec.w3c.W3CHttpResponseCodec.decode(W3CHttpResponseCodec.java:138)
	at org.openqa.selenium.remote.codec.w3c.W3CHttpResponseCodec.decode(W3CHttpResponseCodec.java:50)
	at org.openqa.selenium.remote.HttpCommandExecutor.execute(HttpCommandExecutor.java:215)
	at org.openqa.selenium.remote.service.DriverCommandExecutor.invokeExecute(DriverCommandExecutor.java:216)
	at org.openqa.selenium.remote.service.DriverCommandExecutor.execute(DriverCommandExecutor.java:174)
	at org.openqa.selenium.remote.RemoteWebDriver.execute(RemoteWebDriver.java:557)
	at org.openqa.selenium.remote.ElementLocation$ElementFinder$2.findElement(ElementLocation.java:165)
	at org.openqa.selenium.remote.ElementLocation.findElement(ElementLocation.java:59)
	at org.openqa.selenium.remote.RemoteWebDriver.findElement(RemoteWebDriver.java:380)
	at org.openqa.selenium.remote.RemoteWebDriver.findElement(RemoteWebDriver.java:374)
	at org.openqa.selenium.support.pagefactory.DefaultElementLocator.findElement(DefaultElementLocator.java:68)
	at org.openqa.selenium.support.pagefactory.internal.LocatingElementHandler.invoke(LocatingElementHandler.java:38)
	at jdk.proxy2/jdk.proxy2.$Proxy31.click(Unknown Source)
	at pages.BankingPage.gotobaningmodule(BankingPage.java:103)
	at test.BankTest.OpenBankingModule(BankTest.java:40)
	at java.base/jdk.internal.reflect.DirectMethodHandleAccessor.invoke(DirectMethodHandleAccessor.java:103)
	at java.base/java.lang.reflect.Method.invoke(Method.java:580)
	at org.testng.internal.invokers.MethodInvocationHelper.invokeMethod(MethodInvocationHelper.java:141)
	at org.testng.internal.invokers.TestInvoker.invokeMethod(TestInvoker.java:687)
	at org.testng.internal.invokers.TestInvoker.invokeTestMethod(TestInvoker.java:230)
	at org.testng.internal.invokers.MethodRunner.runInSequence(MethodRunner.java:63)
	at org.testng.internal.invokers.TestInvoker$MethodInvocationAgent.invoke(TestInvoker.java:995)
	at org.testng.internal.invokers.TestInvoker.invokeTestMethods(TestInvoker.java:203)
	at org.testng.internal.invokers.TestMethodWorker.invokeTestMethods(TestMethodWorker.java:154)
	at org.testng.internal.invokers.TestMethodWorker.run(TestMethodWorker.java:134)
	at java.base/java.util.ArrayList.forEach(ArrayList.java:1596)
	at org.testng.TestRunner.privateRun(TestRunner.java:741)
	at org.testng.TestRunner.run(TestRunner.java:616)
	at org.testng.SuiteRunner.runTest(SuiteRunner.java:421)
	at org.testng.SuiteRunner$SuiteWorker.run(SuiteRunner.java:463)
	at org.testng.internal.thread.ThreadUtil.lambda$execute$0(ThreadUtil.java:64)
	at java.base/java.util.concurrent.FutureTask.run(FutureTask.java:317)
	at java.base/java.util.concurrent.ThreadPoolExecutor.runWorker(ThreadPoolExecutor.java:1144)
	at java.base/java.util.concurrent.ThreadPoolExecutor$Worker.run(ThreadPoolExecutor.java:642)
	at java.base/java.lang.Thread.run(Thread.java:1583)
11:21:09.029 [TestNG-tests-2] DEBUG pages.BankingPage.gotobaningmodule(BankingPage.java:106)oggger - Debug log........
11:22:22.848 [TestNG-tests-3] INFO  test.BankTest.OpenBankingModule(BankTest.java:39)oggger - Banking Module Open
11:31:01.515 [TestNG-tests-3] INFO  test.BankTest.OpenBankingModule(BankTest.java:39)oggger - Banking Module Open
11:31:01.601 [TestNG-tests-3] ERROR pages.BankingPage.gotobaningmodule(BankingPage.java:105)oggger - Unable to click the banking module
org.openqa.selenium.ElementClickInterceptedException: Element <a class="text-decoration-none d-flex align-items-center" href="/financial-institutes"> is not clickable at point (32,310) because another element <div class="fade modal-backdrop show"> obscures it
Build info: version: '4.35.0', revision: '1c58e5028b'
System info: os.name: 'Windows 11', os.arch: 'amd64', os.version: '10.0', java.version: '21.0.12'
Driver info: org.openqa.selenium.firefox.FirefoxDriver
Command: [b47793e5-b653-4646-86ee-e8f927801d50, clickElement {id=c93c8147-59df-4f6a-8e4a-2685277cc2a2}]
Capabilities {acceptInsecureCerts: true, browserName: firefox, browserVersion: 154.0, moz:accessibilityChecks: false, moz:buildID: 20260812182057, moz:geckodriverVersion: 0.37.1, moz:headless: false, moz:platformVersion: 10.0, moz:processID: 14856, moz:profile: C:\Users\DELL\AppData\Local..., moz:shutdownTimeout: 60000, moz:webdriverClick: true, moz:windowless: false, pageLoadStrategy: normal, platformName: windows, proxy: Proxy(), setWindowRect: true, strictFileInteractability: false, timeouts: {implicit: 0, pageLoad: 300000, script: 30000}, unhandledPromptBehavior: dismiss and notify, userAgent: Mozilla/5.0 (Windows NT 10....}
Element: [[FirefoxDriver: firefox on windows (b47793e5-b653-4646-86ee-e8f927801d50)] -> xpath: //a[@href='/financial-institutes']]
Session ID: b47793e5-b653-4646-86ee-e8f927801d50
	at java.base/jdk.internal.reflect.DirectConstructorHandleAccessor.newInstance(DirectConstructorHandleAccessor.java:62)
	at java.base/java.lang.reflect.Constructor.newInstanceWithCaller(Constructor.java:502)
	at java.base/java.lang.reflect.Constructor.newInstance(Constructor.java:486)
	at org.openqa.selenium.remote.ErrorCodec.decode(ErrorCodec.java:167)
	at org.openqa.selenium.remote.codec.w3c.W3CHttpResponseCodec.decode(W3CHttpResponseCodec.java:138)
	at org.openqa.selenium.remote.codec.w3c.W3CHttpResponseCodec.decode(W3CHttpResponseCodec.java:50)
	at org.openqa.selenium.remote.HttpCommandExecutor.execute(HttpCommandExecutor.java:215)
	at org.openqa.selenium.remote.service.DriverCommandExecutor.invokeExecute(DriverCommandExecutor.java:216)
	at org.openqa.selenium.remote.service.DriverCommandExecutor.execute(DriverCommandExecutor.java:174)
	at org.openqa.selenium.remote.RemoteWebDriver.execute(RemoteWebDriver.java:557)
	at org.openqa.selenium.remote.RemoteWebElement.execute(RemoteWebElement.java:223)
	at org.openqa.selenium.remote.RemoteWebElement.click(RemoteWebElement.java:76)
	at java.base/jdk.internal.reflect.DirectMethodHandleAccessor.invoke(DirectMethodHandleAccessor.java:103)
	at java.base/java.lang.reflect.Method.invoke(Method.java:580)
	at org.openqa.selenium.support.pagefactory.internal.LocatingElementHandler.invoke(LocatingElementHandler.java:51)
	at jdk.proxy2/jdk.proxy2.$Proxy31.click(Unknown Source)
	at pages.BankingPage.gotobaningmodule(BankingPage.java:103)
	at test.BankTest.OpenBankingModule(BankTest.java:40)
	at java.base/jdk.internal.reflect.DirectMethodHandleAccessor.invoke(DirectMethodHandleAccessor.java:103)
	at java.base/java.lang.reflect.Method.invoke(Method.java:580)
	at org.testng.internal.invokers.MethodInvocationHelper.invokeMethod(MethodInvocationHelper.java:141)
	at org.testng.internal.invokers.TestInvoker.invokeMethod(TestInvoker.java:687)
	at org.testng.internal.invokers.TestInvoker.invokeTestMethod(TestInvoker.java:230)
	at org.testng.internal.invokers.MethodRunner.runInSequence(MethodRunner.java:63)
	at org.testng.internal.invokers.TestInvoker$MethodInvocationAgent.invoke(TestInvoker.java:995)
	at org.testng.internal.invokers.TestInvoker.invokeTestMethods(TestInvoker.java:203)
	at org.testng.internal.invokers.TestMethodWorker.invokeTestMethods(TestMethodWorker.java:154)
	at org.testng.internal.invokers.TestMethodWorker.run(TestMethodWorker.java:134)
	at java.base/java.util.ArrayList.forEach(ArrayList.java:1596)
	at org.testng.TestRunner.privateRun(TestRunner.java:741)
	at org.testng.TestRunner.run(TestRunner.java:616)
	at org.testng.SuiteRunner.runTest(SuiteRunner.java:421)
	at org.testng.SuiteRunner$SuiteWorker.run(SuiteRunner.java:463)
	at org.testng.internal.thread.ThreadUtil.lambda$execute$0(ThreadUtil.java:64)
	at java.base/java.util.concurrent.FutureTask.run(FutureTask.java:317)
	at java.base/java.util.concurrent.ThreadPoolExecutor.runWorker(ThreadPoolExecutor.java:1144)
	at java.base/java.util.concurrent.ThreadPoolExecutor$Worker.run(ThreadPoolExecutor.java:642)
	at java.base/java.lang.Thread.run(Thread.java:1583)
11:31:01.609 [TestNG-tests-3] DEBUG pages.BankingPage.gotobaningmodule(BankingPage.java:106)oggger - Debug log........
11:37:44.393 [TestNG-tests-1] INFO  test.BankTest.OpenBankingModule(BankTest.java:39)oggger - Banking Module Open
11:37:45.284 [TestNG-tests-1] INFO  pages.BankingPage.addbank(BankingPage.java:113)oggger - Clicking for Add Bank
11:37:45.739 [TestNG-tests-1] INFO  pages.BankingPage.addbank(BankingPage.java:115)oggger - Entering the Financial Institute Details
11:37:50.728 [TestNG-tests-1] INFO  pages.BankingPage.addbank(BankingPage.java:130)oggger - Clicking on the Save Button for adding bank
11:38:43.208 [TestNG-tests-3] INFO  test.BankTest.OpenBankingModule(BankTest.java:39)oggger - Banking Module Open
11:41:35.117 [main] INFO  test.BankTest.OpenBankingModule(BankTest.java:39)oggger - Banking Module Open
11:41:35.622 [main] INFO  pages.BankingPage.addbank(BankingPage.java:113)oggger - Clicking for Add Bank
11:41:36.299 [main] INFO  pages.BankingPage.addbank(BankingPage.java:115)oggger - Entering the Financial Institute Details
11:41:41.405 [main] INFO  pages.BankingPage.addbank(BankingPage.java:130)oggger - Clicking on the Save Button for adding bank
11:41:43.404 [main] INFO  test.BankTest.Addbank(BankTest.java:51)oggger - Financial Institut added
11:41:52.235 [main] INFO  test.BankTest.update_Bank(BankTest.java:63)oggger - Financial Institut updated
13:28:39.133 [main] INFO  test.BankTest.OpenBankingModule(BankTest.java:39)oggger - Banking Module Open
13:28:40.442 [main] INFO  pages.BankingPage.addbank(BankingPage.java:113)oggger - Clicking for Add Bank
13:28:41.035 [main] INFO  pages.BankingPage.addbank(BankingPage.java:115)oggger - Entering the Financial Institute Details
13:28:46.223 [main] INFO  pages.BankingPage.addbank(BankingPage.java:130)oggger - Clicking on the Save Button for adding bank
13:28:47.893 [main] INFO  test.BankTest.Addbank(BankTest.java:51)oggger - Financial Institut added
13:29:01.901 [main] INFO  pages.Snapshot.createSnapshot(Snapshot.java:209)oggger - Create New Snapshot (Manually) 
13:29:14.329 [main] INFO  pages.Snapshot.createSnapshot(Snapshot.java:260)oggger - Snapshot created Successfully
13:29:21.692 [main] INFO  pages.Snapshot.deleteSnapshot(Snapshot.java:306)oggger - Snapshot Deleted Successfully
13:29:21.905 [main] INFO  pages.Snapshot.ExcelImport(Snapshot.java:397)oggger - Creating snapshot using Excel Import
13:30:17.987 [main] INFO  pages.Snapshot.ExcelImport(Snapshot.java:501)oggger - Created snapshot by Excel Import
13:30:18.046 [main] INFO  pages.Snapshot.snapshotquickentry(Snapshot.java:508)oggger - Quick Entry starting
13:31:48.165 [main] INFO  pages.Snapshot.bulkuploadsnapshot(Snapshot.java:358)oggger - Creating snapshot using bulk upload
13:33:02.330 [main] INFO  pages.Snapshot.bulkuploadsnapshot(Snapshot.java:391)oggger - Snapshot Created successfully by bulk upload
13:33:02.347 [main] INFO  pages.Snapshot.deleteselectedsnapshot(Snapshot.java:312)oggger - Deletenig selected Snapshot
13:33:18.446 [main] INFO  pages.Snapshot.deleteselectedsnapshot(Snapshot.java:352)oggger - selected Snapshot Deleted Successfully
13:33:18.689 [main] INFO  test.MoneylinkTest.open_moneylink(MoneylinkTest.java:36)oggger - Monyelink module opening
13:33:20.133 [main] INFO  test.MoneylinkTest.open_moneylink(MoneylinkTest.java:38)oggger - Selecting bank and time period for accounting
13:33:31.306 [main] INFO  test.MoneylinkTest.reset_moneylinktransaction(MoneylinkTest.java:47)oggger - Selecting transaction for reseting
13:34:06.519 [main] INFO  test.MoneylinkTest.reset_moneylinktransaction(MoneylinkTest.java:70)oggger - Transaction reseted
13:34:41.668 [main] INFO  test.MoneylinkTest.single_transaction_accounting(MoneylinkTest.java:92)oggger - Single transaction Accounted
13:34:41.680 [main] INFO  test.MoneylinkTest.moneylink_quickentry(MoneylinkTest.java:100)oggger - Selecting record for Moneylink Quick Entry
13:34:57.657 [main] INFO  test.MoneylinkTest.moneylink_quickentry(MoneylinkTest.java:109)oggger - Moneylink Quick Entry Done
13:35:20.713 [main] INFO  test.MoneylinkTest.CR_Bulkentries(MoneylinkTest.java:125)oggger - Moneylink CR_BUlk Entries Done
13:35:49.067 [main] INFO  test.MoneylinkTest.DR_Bulkentries(MoneylinkTest.java:139)oggger - Moneylink DR_BUlk Entries Done
14:28:48.588 [TestNG-test-ChromeTest-2] INFO  test.BankTest.OpenBankingModule(BankTest.java:39)oggger - Banking Module Open
14:28:48.985 [TestNG-test-ChromeTest-2] INFO  pages.BankingPage.addbank(BankingPage.java:113)oggger - Clicking for Add Bank
14:28:49.415 [TestNG-test-ChromeTest-2] INFO  pages.BankingPage.addbank(BankingPage.java:115)oggger - Entering the Financial Institute Details
14:28:54.364 [TestNG-test-ChromeTest-2] INFO  pages.BankingPage.addbank(BankingPage.java:130)oggger - Clicking on the Save Button for adding bank
14:28:55.636 [TestNG-test-ChromeTest-2] INFO  test.BankTest.Addbank(BankTest.java:51)oggger - Financial Institut added
14:55:30.224 [main] INFO  test.BankTest.OpenBankingModule(BankTest.java:39)oggger - Banking Module Open
14:55:31.735 [main] INFO  pages.BankingPage.addbank(BankingPage.java:113)oggger - Clicking for Add Bank
14:55:32.243 [main] INFO  pages.BankingPage.addbank(BankingPage.java:115)oggger - Entering the Financial Institute Details
14:55:38.032 [main] INFO  pages.BankingPage.addbank(BankingPage.java:130)oggger - Clicking on the Save Button for adding bank
14:55:40.050 [main] INFO  test.BankTest.Addbank(BankTest.java:51)oggger - Financial Institut added
14:55:53.472 [main] INFO  pages.Snapshot.createSnapshot(Snapshot.java:209)oggger - Create New Snapshot (Manually) 
14:56:06.201 [main] INFO  pages.Snapshot.createSnapshot(Snapshot.java:260)oggger - Snapshot created Successfully
14:56:13.218 [main] INFO  pages.Snapshot.deleteSnapshot(Snapshot.java:306)oggger - Snapshot Deleted Successfully
14:56:13.379 [main] INFO  pages.Snapshot.ExcelImport(Snapshot.java:397)oggger - Creating snapshot using Excel Import
14:57:09.184 [main] INFO  pages.Snapshot.ExcelImport(Snapshot.java:501)oggger - Created snapshot by Excel Import
14:57:09.307 [main] INFO  pages.Snapshot.snapshotquickentry(Snapshot.java:508)oggger - Quick Entry starting
14:58:23.658 [main] INFO  pages.Snapshot.bulkuploadsnapshot(Snapshot.java:358)oggger - Creating snapshot using bulk upload
14:58:51.604 [main] INFO  pages.Snapshot.bulkuploadsnapshot(Snapshot.java:391)oggger - Snapshot Created successfully by bulk upload
14:58:51.618 [main] INFO  pages.Snapshot.deleteselectedsnapshot(Snapshot.java:312)oggger - Deletenig selected Snapshot
14:59:07.371 [main] INFO  pages.Snapshot.deleteselectedsnapshot(Snapshot.java:352)oggger - selected Snapshot Deleted Successfully
14:59:07.624 [main] INFO  test.MoneylinkTest.open_moneylink(MoneylinkTest.java:36)oggger - Monyelink module opening
14:59:09.254 [main] INFO  test.MoneylinkTest.open_moneylink(MoneylinkTest.java:38)oggger - Selecting bank and time period for accounting
14:59:20.156 [main] INFO  test.MoneylinkTest.reset_moneylinktransaction(MoneylinkTest.java:47)oggger - Selecting transaction for reseting
14:59:55.230 [main] INFO  test.MoneylinkTest.reset_moneylinktransaction(MoneylinkTest.java:70)oggger - Transaction reseted
15:00:30.708 [main] INFO  test.MoneylinkTest.single_transaction_accounting(MoneylinkTest.java:92)oggger - Single transaction Accounted
15:00:30.725 [main] INFO  test.MoneylinkTest.moneylink_quickentry(MoneylinkTest.java:100)oggger - Selecting record for Moneylink Quick Entry
15:00:46.248 [main] INFO  test.MoneylinkTest.moneylink_quickentry(MoneylinkTest.java:109)oggger - Moneylink Quick Entry Done
15:01:08.970 [main] INFO  test.MoneylinkTest.CR_Bulkentries(MoneylinkTest.java:125)oggger - Moneylink CR_BUlk Entries Done
15:01:37.489 [main] INFO  test.MoneylinkTest.DR_Bulkentries(MoneylinkTest.java:139)oggger - Moneylink DR_BUlk Entries Done
15:06:04.427 [main] INFO  test.BankTest.OpenBankingModule(BankTest.java:39)oggger - Banking Module Open
15:06:05.859 [main] INFO  pages.BankingPage.addbank(BankingPage.java:113)oggger - Clicking for Add Bank
15:06:06.279 [main] INFO  pages.BankingPage.addbank(BankingPage.java:115)oggger - Entering the Financial Institute Details
15:06:11.268 [main] INFO  pages.BankingPage.addbank(BankingPage.java:130)oggger - Clicking on the Save Button for adding bank
15:06:13.031 [main] INFO  test.BankTest.Addbank(BankTest.java:51)oggger - Financial Institut added
15:42:08.229 [main] INFO  test.BankTest.OpenBankingModule(BankTest.java:39)oggger - Banking Module Open
15:42:09.033 [main] INFO  pages.BankingPage.addbank(BankingPage.java:113)oggger - Clicking for Add Bank
15:42:09.370 [main] INFO  pages.BankingPage.addbank(BankingPage.java:115)oggger - Entering the Financial Institute Details
15:42:14.378 [main] INFO  pages.BankingPage.addbank(BankingPage.java:130)oggger - Clicking on the Save Button for adding bank
15:42:16.003 [main] INFO  test.BankTest.Addbank(BankTest.java:51)oggger - Financial Institut added
15:42:24.418 [main] INFO  test.BankTest.update_Bank(BankTest.java:63)oggger - Financial Institut updated
15:42:32.261 [main] INFO  pages.Snapshot.createSnapshot(Snapshot.java:209)oggger - Create New Snapshot (Manually) 
15:42:44.279 [main] INFO  pages.Snapshot.createSnapshot(Snapshot.java:260)oggger - Snapshot created Successfully
15:42:51.592 [main] INFO  pages.Snapshot.deleteSnapshot(Snapshot.java:306)oggger - Snapshot Deleted Successfully
15:42:51.793 [main] INFO  pages.Snapshot.ExcelImport(Snapshot.java:397)oggger - Creating snapshot using Excel Import
15:43:48.074 [main] INFO  pages.Snapshot.ExcelImport(Snapshot.java:501)oggger - Created snapshot by Excel Import
15:43:48.209 [main] INFO  pages.Snapshot.snapshotquickentry(Snapshot.java:508)oggger - Quick Entry starting
15:45:03.301 [main] INFO  pages.Snapshot.bulkuploadsnapshot(Snapshot.java:358)oggger - Creating snapshot using bulk upload
15:46:13.877 [main] INFO  pages.Snapshot.bulkuploadsnapshot(Snapshot.java:391)oggger - Snapshot Created successfully by bulk upload
15:46:13.887 [main] INFO  pages.Snapshot.deleteselectedsnapshot(Snapshot.java:312)oggger - Deletenig selected Snapshot
15:46:29.485 [main] INFO  pages.Snapshot.deleteselectedsnapshot(Snapshot.java:352)oggger - selected Snapshot Deleted Successfully
15:46:29.706 [main] INFO  test.MoneylinkTest.open_moneylink(MoneylinkTest.java:36)oggger - Monyelink module opening
15:46:31.350 [main] INFO  test.MoneylinkTest.open_moneylink(MoneylinkTest.java:38)oggger - Selecting bank and time period for accounting
15:46:42.470 [main] INFO  test.MoneylinkTest.reset_moneylinktransaction(MoneylinkTest.java:47)oggger - Selecting transaction for reseting
15:47:17.077 [main] INFO  test.MoneylinkTest.reset_moneylinktransaction(MoneylinkTest.java:70)oggger - Transaction reseted
15:47:51.988 [main] INFO  test.MoneylinkTest.single_transaction_accounting(MoneylinkTest.java:92)oggger - Single transaction Accounted
15:47:52.002 [main] INFO  test.MoneylinkTest.moneylink_quickentry(MoneylinkTest.java:100)oggger - Selecting record for Moneylink Quick Entry
15:48:08.332 [main] INFO  test.MoneylinkTest.moneylink_quickentry(MoneylinkTest.java:109)oggger - Moneylink Quick Entry Done
15:48:30.862 [main] INFO  test.MoneylinkTest.CR_Bulkentries(MoneylinkTest.java:125)oggger - Moneylink CR_BUlk Entries Done
15:48:58.927 [main] INFO  test.MoneylinkTest.DR_Bulkentries(MoneylinkTest.java:139)oggger - Moneylink DR_BUlk Entries Done
16:16:07.569 [main] INFO  test.BankTest.OpenBankingModule(BankTest.java:39)oggger - Banking Module Open
16:16:08.350 [main] INFO  pages.BankingPage.addbank(BankingPage.java:113)oggger - Clicking for Add Bank
16:16:08.659 [main] INFO  pages.BankingPage.addbank(BankingPage.java:115)oggger - Entering the Financial Institute Details
16:16:13.096 [main] INFO  pages.BankingPage.addbank(BankingPage.java:130)oggger - Clicking on the Save Button for adding bank
16:16:14.462 [main] INFO  test.BankTest.Addbank(BankTest.java:51)oggger - Financial Institut added
16:16:21.737 [main] INFO  test.BankTest.update_Bank(BankTest.java:63)oggger - Financial Institut updated
16:16:29.094 [main] INFO  pages.Snapshot.createSnapshot(Snapshot.java:209)oggger - Create New Snapshot (Manually) 
16:16:37.730 [main] INFO  pages.Snapshot.createSnapshot(Snapshot.java:260)oggger - Snapshot created Successfully
16:16:44.147 [main] INFO  pages.Snapshot.deleteSnapshot(Snapshot.java:306)oggger - Snapshot Deleted Successfully
16:16:44.207 [main] INFO  pages.Snapshot.ExcelImport(Snapshot.java:397)oggger - Creating snapshot using Excel Import
16:18:02.756 [main] INFO  pages.Snapshot.snapshotquickentry(Snapshot.java:508)oggger - Quick Entry starting
16:18:11.288 [main] INFO  pages.Snapshot.bulkuploadsnapshot(Snapshot.java:358)oggger - Creating snapshot using bulk upload
16:18:16.647 [main] INFO  pages.Snapshot.deleteselectedsnapshot(Snapshot.java:312)oggger - Deletenig selected Snapshot
16:18:17.914 [main] INFO  test.MoneylinkTest.open_moneylink(MoneylinkTest.java:36)oggger - Monyelink module opening
16:18:19.306 [main] INFO  test.MoneylinkTest.reset_moneylinktransaction(MoneylinkTest.java:47)oggger - Selecting transaction for reseting
16:18:28.893 [main] INFO  test.MoneylinkTest.moneylink_quickentry(MoneylinkTest.java:100)oggger - Selecting record for Moneylink Quick Entry
10:56:12.657 [main] INFO  test.BankTest.OpenBankingModule(BankTest.java:39)oggger - Banking Module Open
10:56:13.021 [main] INFO  pages.BankingPage.addbank(BankingPage.java:113)oggger - Clicking for Add Bank
10:56:13.343 [main] INFO  pages.BankingPage.addbank(BankingPage.java:115)oggger - Entering the Financial Institute Details
10:56:17.109 [main] INFO  pages.BankingPage.addbank(BankingPage.java:130)oggger - Clicking on the Save Button for adding bank
10:56:18.343 [main] INFO  test.BankTest.Addbank(BankTest.java:51)oggger - Financial Institut added
10:56:25.351 [main] INFO  test.BankTest.update_Bank(BankTest.java:63)oggger - Financial Institut updated
10:56:51.106 [main] INFO  pages.Snapshot.createSnapshot(Snapshot.java:209)oggger - Create New Snapshot (Manually) 
10:56:57.449 [main] INFO  pages.Snapshot.createSnapshot(Snapshot.java:260)oggger - Snapshot created Successfully
10:57:03.684 [main] INFO  pages.Snapshot.deleteSnapshot(Snapshot.java:306)oggger - Snapshot Deleted Successfully
10:57:03.736 [main] INFO  pages.Snapshot.ExcelImport(Snapshot.java:397)oggger - Creating snapshot using Excel Import
10:57:54.771 [main] INFO  pages.Snapshot.ExcelImport(Snapshot.java:501)oggger - Created snapshot by Excel Import
10:57:54.803 [main] INFO  pages.Snapshot.snapshotquickentry(Snapshot.java:508)oggger - Quick Entry starting
10:59:01.373 [main] INFO  pages.Snapshot.bulkuploadsnapshot(Snapshot.java:358)oggger - Creating snapshot using bulk upload
10:59:26.923 [main] INFO  pages.Snapshot.bulkuploadsnapshot(Snapshot.java:391)oggger - Snapshot Created successfully by bulk upload
10:59:26.927 [main] INFO  pages.Snapshot.deleteselectedsnapshot(Snapshot.java:312)oggger - Deletenig selected Snapshot
10:59:40.649 [main] INFO  pages.Snapshot.deleteselectedsnapshot(Snapshot.java:352)oggger - selected Snapshot Deleted Successfully
10:59:59.015 [main] INFO  test.MoneylinkTest.open_moneylink(MoneylinkTest.java:36)oggger - Monyelink module opening
11:00:00.188 [main] INFO  test.MoneylinkTest.open_moneylink(MoneylinkTest.java:38)oggger - Selecting bank and time period for accounting
11:00:09.127 [main] INFO  test.MoneylinkTest.reset_moneylinktransaction(MoneylinkTest.java:47)oggger - Selecting transaction for reseting
11:00:41.039 [main] INFO  test.MoneylinkTest.reset_moneylinktransaction(MoneylinkTest.java:70)oggger - Transaction reseted
11:01:10.702 [main] INFO  test.MoneylinkTest.single_transaction_accounting(MoneylinkTest.java:92)oggger - Single transaction Accounted
11:01:10.707 [main] INFO  test.MoneylinkTest.moneylink_quickentry(MoneylinkTest.java:100)oggger - Selecting record for Moneylink Quick Entry
11:01:24.355 [main] INFO  test.MoneylinkTest.moneylink_quickentry(MoneylinkTest.java:109)oggger - Moneylink Quick Entry Done
11:01:43.954 [main] INFO  test.MoneylinkTest.CR_Bulkentries(MoneylinkTest.java:125)oggger - Moneylink CR_BUlk Entries Done
11:02:09.282 [main] INFO  test.MoneylinkTest.DR_Bulkentries(MoneylinkTest.java:139)oggger - Moneylink DR_BUlk Entries Done
13:07:39.099 [main] INFO  test.BankTest.OpenBankingModule(BankTest.java:39)oggger - Banking Module Open
13:07:39.686 [main] INFO  pages.BankingPage.addbank(BankingPage.java:113)oggger - Clicking for Add Bank
13:07:40.104 [main] INFO  pages.BankingPage.addbank(BankingPage.java:115)oggger - Entering the Financial Institute Details
13:07:45.230 [main] INFO  pages.BankingPage.addbank(BankingPage.java:130)oggger - Clicking on the Save Button for adding bank
13:07:46.786 [main] INFO  test.BankTest.Addbank(BankTest.java:51)oggger - Financial Institut added
13:07:55.190 [main] INFO  test.BankTest.update_Bank(BankTest.java:63)oggger - Financial Institut updated
15:30:03.552 [main] INFO  test.BankTest.OpenBankingModule(BankTest.java:39)oggger - Banking Module Open
15:30:06.978 [main] INFO  pages.BankingPage.addbank(BankingPage.java:113)oggger - Clicking for Add Bank
15:30:07.538 [main] INFO  pages.BankingPage.addbank(BankingPage.java:115)oggger - Entering the Financial Institute Details
15:30:12.212 [main] INFO  pages.BankingPage.addbank(BankingPage.java:130)oggger - Clicking on the Save Button for adding bank
15:30:13.934 [main] INFO  test.BankTest.Addbank(BankTest.java:51)oggger - Financial Institut added
15:30:22.141 [main] INFO  test.BankTest.update_Bank(BankTest.java:63)oggger - Financial Institut updated
16:58:40.041 [main] INFO  pages.LogInPage.openURL(LogInPage.java:67)oggger - Opening the URL
16:58:42.063 [main] INFO  pages.LogInPage.performLogin(LogInPage.java:74)oggger - Entering Credentials for the Login
16:58:47.309 [main] INFO  pages.LogInPage.performLogin(LogInPage.java:84)oggger - Logged In Successfully
16:58:55.963 [main] INFO  pages.LogInPage.openURL(LogInPage.java:67)oggger - Opening the URL
16:58:57.979 [main] INFO  pages.LogInPage.performLogin(LogInPage.java:74)oggger - Entering Credentials for the Login
16:59:10.336 [main] INFO  pages.LogInPage.performLogin(LogInPage.java:84)oggger - Logged In Successfully
16:59:31.128 [main] INFO  pages.LogInPage.openURL(LogInPage.java:67)oggger - Opening the URL
16:59:33.131 [main] INFO  pages.LogInPage.performLogin(LogInPage.java:74)oggger - Entering Credentials for the Login
16:59:38.421 [main] INFO  pages.LogInPage.performLogin(LogInPage.java:84)oggger - Logged In Successfully
17:00:14.614 [main] INFO  pages.LogInPage.openURL(LogInPage.java:67)oggger - Opening the URL
17:00:16.645 [main] INFO  pages.LogInPage.performLogin(LogInPage.java:74)oggger - Entering Credentials for the Login
17:00:21.903 [main] INFO  pages.LogInPage.performLogin(LogInPage.java:84)oggger - Logged In Successfully
17:00:28.072 [main] INFO  pages.LogInPage.entityselection(LogInPage.java:104)oggger - Entity Selected
17:01:09.402 [main] INFO  pages.LogInPage.openURL(LogInPage.java:67)oggger - Opening the URL
17:01:11.433 [main] INFO  pages.LogInPage.performLogin(LogInPage.java:74)oggger - Entering Credentials for the Login
17:01:16.924 [main] INFO  pages.LogInPage.performLogin(LogInPage.java:84)oggger - Logged In Successfully
17:01:24.906 [main] INFO  pages.LogInPage.entityselection(LogInPage.java:104)oggger - Entity Selected
17:01:27.489 [main] INFO  test.BankTest.OpenBankingModule(BankTest.java:34)oggger - Banking Module Open
17:01:27.961 [main] INFO  pages.BankingPage.addbank(BankingPage.java:113)oggger - Clicking for Add Bank
17:01:28.457 [main] INFO  pages.BankingPage.addbank(BankingPage.java:115)oggger - Entering the Financial Institute Details
17:01:33.045 [main] INFO  pages.BankingPage.addbank(BankingPage.java:131)oggger - Clicking on the Save Button for adding bank
17:01:33.421 [main] INFO  pages.BankingPage.addbank(BankingPage.java:135)oggger - Finanancial Insitute Added
17:01:40.406 [main] INFO  pages.BankingPage.update_Bank(BankingPage.java:166)oggger - Financial Institute Updated
17:01:47.214 [main] INFO  pages.BankingPage.deletebank(BankingPage.java:150)oggger - Financial Institute Deleted
17:01:52.367 [main] INFO  pages.LogInPage.openURL(LogInPage.java:67)oggger - Opening the URL
17:01:54.369 [main] INFO  pages.LogInPage.performLogin(LogInPage.java:74)oggger - Entering Credentials for the Login
17:02:06.923 [main] INFO  pages.LogInPage.performLogin(LogInPage.java:84)oggger - Logged In Successfully
17:02:11.708 [main] INFO  pages.LogInPage.entityselection(LogInPage.java:104)oggger - Entity Selected
17:02:14.254 [main] INFO  pages.Snapshot.createSnapshot(Snapshot.java:209)oggger - Create New Snapshot (Manually) 
17:02:22.614 [main] INFO  pages.Snapshot.createSnapshot(Snapshot.java:260)oggger - Snapshot created Successfully
17:02:29.041 [main] INFO  pages.Snapshot.deleteSnapshot(Snapshot.java:306)oggger - Snapshot Deleted Successfully
17:02:29.128 [main] INFO  pages.Snapshot.ExcelImport(Snapshot.java:397)oggger - Creating snapshot using Excel Import
17:03:22.014 [main] INFO  pages.Snapshot.ExcelImport(Snapshot.java:501)oggger - Created snapshot by Excel Import
17:03:22.082 [main] INFO  pages.Snapshot.snapshotquickentry(Snapshot.java:508)oggger - Quick Entry starting
17:04:08.854 [main] INFO  pages.Snapshot.bulkuploadsnapshot(Snapshot.java:358)oggger - Creating snapshot using bulk upload
17:05:21.779 [main] INFO  pages.Snapshot.bulkuploadsnapshot(Snapshot.java:391)oggger - Snapshot Created successfully by bulk upload
17:05:21.789 [main] INFO  pages.Snapshot.deleteselectedsnapshot(Snapshot.java:312)oggger - Deletenig selected Snapshot
17:05:36.512 [main] INFO  pages.Snapshot.deleteselectedsnapshot(Snapshot.java:352)oggger - selected Snapshot Deleted Successfully
10:56:16.477 [main] INFO  pages.LogInPage.openURL(LogInPage.java:67)oggger - Opening the URL
10:56:18.503 [main] INFO  pages.LogInPage.performLogin(LogInPage.java:74)oggger - Entering Credentials for the Login
10:56:24.206 [main] INFO  pages.LogInPage.performLogin(LogInPage.java:84)oggger - Logged In Successfully
10:56:28.045 [main] INFO  pages.LogInPage.entityselection(LogInPage.java:104)oggger - Entity Selected
12:00:03.424 [main] INFO  pages.LogInPage.openURL(LogInPage.java:67)oggger - Opening the URL
12:00:05.461 [main] INFO  pages.LogInPage.performLogin(LogInPage.java:74)oggger - Entering Credentials for the Login
12:01:18.606 [main] INFO  pages.LogInPage.performLogin(LogInPage.java:84)oggger - Logged In Successfully
12:01:22.368 [main] INFO  pages.LogInPage.entityselection(LogInPage.java:104)oggger - Entity Selected
12:17:51.301 [main] INFO  pages.LogInPage.openURL(LogInPage.java:67)oggger - Opening the URL
12:17:53.311 [main] INFO  pages.LogInPage.performLogin(LogInPage.java:74)oggger - Entering Credentials for the Login
12:17:58.796 [main] INFO  pages.LogInPage.performLogin(LogInPage.java:84)oggger - Logged In Successfully
12:18:03.562 [main] INFO  pages.LogInPage.entityselection(LogInPage.java:104)oggger - Entity Selected
12:51:19.475 [main] INFO  pages.LogInPage.openURL(LogInPage.java:67)oggger - Opening the URL
12:51:21.494 [main] INFO  pages.LogInPage.performLogin(LogInPage.java:74)oggger - Entering Credentials for the Login
12:51:26.923 [main] INFO  pages.LogInPage.performLogin(LogInPage.java:84)oggger - Logged In Successfully
12:51:30.872 [main] INFO  pages.LogInPage.entityselection(LogInPage.java:104)oggger - Entity Selected
12:51:33.582 [main] INFO  pages.Snapshot.snapshotquickentry(Snapshot.java:483)oggger - Quick Entry starting
12:57:27.051 [main] INFO  pages.LogInPage.openURL(LogInPage.java:67)oggger - Opening the URL
12:57:29.070 [main] INFO  pages.LogInPage.performLogin(LogInPage.java:74)oggger - Entering Credentials for the Login
12:57:34.632 [main] INFO  pages.LogInPage.performLogin(LogInPage.java:84)oggger - Logged In Successfully
12:57:39.177 [main] INFO  pages.LogInPage.entityselection(LogInPage.java:104)oggger - Entity Selected
12:57:41.962 [main] INFO  pages.Snapshot.snapshotquickentry(Snapshot.java:483)oggger - Quick Entry starting
13:00:18.659 [main] INFO  pages.LogInPage.openURL(LogInPage.java:67)oggger - Opening the URL
13:00:20.671 [main] INFO  pages.LogInPage.performLogin(LogInPage.java:74)oggger - Entering Credentials for the Login
13:00:28.016 [main] INFO  pages.LogInPage.performLogin(LogInPage.java:84)oggger - Logged In Successfully
13:07:42.579 [main] INFO  pages.LogInPage.openURL(LogInPage.java:67)oggger - Opening the URL
13:07:44.604 [main] INFO  pages.LogInPage.performLogin(LogInPage.java:74)oggger - Entering Credentials for the Login
13:07:50.064 [main] INFO  pages.LogInPage.performLogin(LogInPage.java:84)oggger - Logged In Successfully
13:07:53.649 [main] INFO  pages.LogInPage.entityselection(LogInPage.java:104)oggger - Entity Selected
17:07:31.854 [main] INFO  pages.LogInPage.openURL(LogInPage.java:67)oggger - Opening the URL
17:07:33.879 [main] INFO  pages.LogInPage.performLogin(LogInPage.java:74)oggger - Entering Credentials for the Login
17:07:41.752 [main] INFO  pages.LogInPage.performLogin(LogInPage.java:84)oggger - Logged In Successfully
17:07:45.886 [main] INFO  pages.LogInPage.entityselection(LogInPage.java:104)oggger - Entity Selected
17:08:10.173 [main] INFO  pages.LogInPage.openURL(LogInPage.java:67)oggger - Opening the URL
17:08:12.186 [main] INFO  pages.LogInPage.performLogin(LogInPage.java:74)oggger - Entering Credentials for the Login
17:08:19.298 [main] INFO  pages.LogInPage.performLogin(LogInPage.java:84)oggger - Logged In Successfully
17:08:31.025 [main] INFO  pages.LogInPage.entityselection(LogInPage.java:104)oggger - Entity Selected
17:08:33.754 [main] INFO  test.BankTest.OpenBankingModule(BankTest.java:34)oggger - Banking Module Open
17:08:39.910 [main] INFO  pages.BankingPage.deletebank(BankingPage.java:150)oggger - Financial Institute Deleted
17:08:50.288 [main] INFO  pages.LogInPage.openURL(LogInPage.java:67)oggger - Opening the URL
17:08:52.306 [main] INFO  pages.LogInPage.performLogin(LogInPage.java:74)oggger - Entering Credentials for the Login
17:08:57.789 [main] INFO  pages.LogInPage.performLogin(LogInPage.java:84)oggger - Logged In Successfully
17:09:01.778 [main] INFO  pages.LogInPage.entityselection(LogInPage.java:104)oggger - Entity Selected
17:09:04.332 [main] INFO  pages.Snapshot.createSnapshot(Snapshot.java:209)oggger - Create New Snapshot (Manually) 
17:09:14.746 [main] INFO  pages.Snapshot.createSnapshot(Snapshot.java:260)oggger - Snapshot created Successfully
17:09:21.422 [main] INFO  pages.Snapshot.deleteSnapshot(Snapshot.java:275)oggger - Snapshot Deleted Successfully
17:09:21.635 [main] INFO  pages.Snapshot.ExcelImport(Snapshot.java:370)oggger - Creating snapshot using Excel Import
17:10:15.912 [main] INFO  pages.Snapshot.ExcelImport(Snapshot.java:474)oggger - Created snapshot by Excel Import
17:10:16.032 [main] INFO  pages.Snapshot.snapshotquickentry(Snapshot.java:483)oggger - Quick Entry starting
17:10:54.114 [main] INFO  pages.Snapshot.bulkuploadsnapshot(Snapshot.java:329)oggger - Creating snapshot using bulk upload
17:11:50.405 [main] INFO  pages.Snapshot.bulkuploadsnapshot(Snapshot.java:362)oggger - Snapshot Created successfully by bulk upload
17:11:50.413 [main] INFO  pages.Snapshot.deleteselectedsnapshot(Snapshot.java:281)oggger - Deletenig selected Snapshot
17:12:05.362 [main] INFO  pages.Snapshot.deleteselectedsnapshot(Snapshot.java:321)oggger - selected Snapshot Deleted Successfully
17:12:08.613 [main] INFO  pages.LogInPage.openURL(LogInPage.java:67)oggger - Opening the URL
17:12:10.626 [main] INFO  pages.LogInPage.performLogin(LogInPage.java:74)oggger - Entering Credentials for the Login
17:12:18.875 [main] INFO  pages.LogInPage.performLogin(LogInPage.java:84)oggger - Logged In Successfully
17:12:23.507 [main] INFO  pages.LogInPage.entityselection(LogInPage.java:104)oggger - Entity Selected
17:12:26.050 [main] INFO  test.MoneylinkTest.open_moneylink(MoneylinkTest.java:36)oggger - Monyelink module opening
17:12:26.052 [main] INFO  pages.Moneylink.openMoneylinkPage(Moneylink.java:138)oggger - Redirecting to MoneyLink Module
17:12:27.379 [main] INFO  pages.Moneylink.openMoneylinkPage(Moneylink.java:143)oggger - Opened MoneyLink Module
17:12:27.379 [main] INFO  test.MoneylinkTest.open_moneylink(MoneylinkTest.java:38)oggger - Selecting bank and time period for accounting
17:12:29.386 [main] INFO  pages.Moneylink.setupMoneylink(Moneylink.java:151)oggger - Setup moneylink - Bank and Time period selection 
17:12:37.459 [main] INFO  test.MoneylinkTest.reset_moneylinktransaction(MoneylinkTest.java:47)oggger - Selecting transaction for reseting
17:13:07.671 [main] INFO  pages.Moneylink.transactionreset(Moneylink.java:463)oggger - Transaction reseted
17:13:11.442 [main] INFO  test.MoneylinkTest.reset_moneylinktransaction(MoneylinkTest.java:70)oggger - Transaction reseted
17:13:45.101 [main] INFO  test.MoneylinkTest.single_transaction_accounting(MoneylinkTest.java:92)oggger - Single transaction Accounted
17:13:45.122 [main] INFO  test.MoneylinkTest.moneylink_quickentry(MoneylinkTest.java:100)oggger - Selecting record for Moneylink Quick Entry
17:13:59.082 [main] INFO  pages.Moneylink.moneylinkquickentry(Moneylink.java:411)oggger - MoneyLink QuickEntry Done
17:14:00.705 [main] INFO  test.MoneylinkTest.moneylink_quickentry(MoneylinkTest.java:109)oggger - Moneylink Quick Entry Done
17:14:21.109 [main] INFO  pages.Moneylink.crbulkentries(Moneylink.java:335)oggger - CR bulk entries Done
17:14:22.734 [main] INFO  test.MoneylinkTest.CR_Bulkentries(MoneylinkTest.java:125)oggger - Moneylink CR_BUlk Entries Done
17:14:49.365 [main] INFO  pages.Moneylink.drbulkentries(Moneylink.java:379)oggger - DR bulk entries Done
17:14:50.949 [main] INFO  test.MoneylinkTest.DR_Bulkentries(MoneylinkTest.java:139)oggger - Moneylink DR_BUlk Entries Done
17:14:54.140 [main] INFO  pages.LogInPage.openURL(LogInPage.java:67)oggger - Opening the URL
17:14:56.151 [main] INFO  pages.LogInPage.performLogin(LogInPage.java:74)oggger - Entering Credentials for the Login
17:15:03.590 [main] INFO  pages.LogInPage.performLogin(LogInPage.java:84)oggger - Logged In Successfully
17:15:07.924 [main] INFO  pages.LogInPage.entityselection(LogInPage.java:104)oggger - Entity Selected
17:15:10.437 [main] INFO  pages.Reports.reports(Reports.java:63)oggger - Redirecting to the Report Module
17:15:20.558 [main] INFO  pages.Reports.reports(Reports.java:112)oggger - Export theBank Statementsdata successfully
17:15:33.052 [main] INFO  pages.LogInPage.openURL(LogInPage.java:67)oggger - Opening the URL
17:15:35.062 [main] INFO  pages.LogInPage.performLogin(LogInPage.java:74)oggger - Entering Credentials for the Login
17:15:40.381 [main] INFO  pages.LogInPage.performLogin(LogInPage.java:84)oggger - Logged In Successfully
17:15:44.505 [main] INFO  pages.LogInPage.entityselection(LogInPage.java:104)oggger - Entity Selected
11:05:42.250 [main] INFO  pages.LogInPage.openURL(LogInPage.java:67)oggger - Opening the URL
11:05:44.260 [main] INFO  pages.LogInPage.performLogin(LogInPage.java:74)oggger - Entering Credentials for the Login
11:05:49.404 [main] INFO  pages.LogInPage.performLogin(LogInPage.java:84)oggger - Logged In Successfully
11:05:53.431 [main] INFO  pages.LogInPage.entityselection(LogInPage.java:104)oggger - Entity Selected
11:06:17.314 [main] INFO  pages.LogInPage.openURL(LogInPage.java:67)oggger - Opening the URL
11:06:19.327 [main] INFO  pages.LogInPage.performLogin(LogInPage.java:74)oggger - Entering Credentials for the Login
11:06:28.250 [main] INFO  pages.LogInPage.performLogin(LogInPage.java:84)oggger - Logged In Successfully
11:06:32.005 [main] INFO  pages.LogInPage.entityselection(LogInPage.java:104)oggger - Entity Selected
11:06:34.579 [main] INFO  test.BankTest.OpenBankingModule(BankTest.java:34)oggger - Banking Module Open
11:06:35.107 [main] INFO  pages.BankingPage.addbank(BankingPage.java:113)oggger - Clicking for Add Bank
11:06:35.414 [main] INFO  pages.BankingPage.addbank(BankingPage.java:115)oggger - Entering the Financial Institute Details
11:06:39.945 [main] INFO  pages.BankingPage.addbank(BankingPage.java:131)oggger - Clicking on the Save Button for adding bank
11:06:40.180 [main] INFO  pages.BankingPage.addbank(BankingPage.java:135)oggger - Finanancial Insitute Added
11:06:46.428 [main] INFO  pages.BankingPage.update_Bank(BankingPage.java:166)oggger - Financial Institute Updated
11:06:52.695 [main] INFO  pages.BankingPage.deletebank(BankingPage.java:150)oggger - Financial Institute Deleted
11:07:02.923 [main] INFO  pages.LogInPage.openURL(LogInPage.java:67)oggger - Opening the URL
11:07:04.928 [main] INFO  pages.LogInPage.performLogin(LogInPage.java:74)oggger - Entering Credentials for the Login
11:07:09.859 [main] INFO  pages.LogInPage.performLogin(LogInPage.java:84)oggger - Logged In Successfully
11:07:13.531 [main] INFO  pages.LogInPage.entityselection(LogInPage.java:104)oggger - Entity Selected
11:07:16.049 [main] INFO  pages.Snapshot.createSnapshot(Snapshot.java:209)oggger - Create New Snapshot (Manually) 
11:07:23.454 [main] INFO  pages.Snapshot.createSnapshot(Snapshot.java:260)oggger - Snapshot created Successfully
11:07:29.762 [main] INFO  pages.Snapshot.deleteSnapshot(Snapshot.java:275)oggger - Snapshot Deleted Successfully
11:07:29.804 [main] INFO  pages.Snapshot.ExcelImport(Snapshot.java:370)oggger - Creating snapshot using Excel Import
11:08:47.296 [main] INFO  pages.Snapshot.snapshotquickentry(Snapshot.java:483)oggger - Quick Entry starting
11:08:55.451 [main] INFO  pages.Snapshot.bulkuploadsnapshot(Snapshot.java:329)oggger - Creating snapshot using bulk upload
11:09:00.523 [main] INFO  pages.Snapshot.deleteselectedsnapshot(Snapshot.java:281)oggger - Deletenig selected Snapshot
11:09:04.304 [main] INFO  pages.LogInPage.openURL(LogInPage.java:67)oggger - Opening the URL
11:09:06.317 [main] INFO  pages.LogInPage.performLogin(LogInPage.java:74)oggger - Entering Credentials for the Login
11:09:15.523 [main] INFO  pages.LogInPage.performLogin(LogInPage.java:84)oggger - Logged In Successfully
11:09:21.200 [main] INFO  pages.LogInPage.entityselection(LogInPage.java:104)oggger - Entity Selected
11:09:23.737 [main] INFO  test.MoneylinkTest.open_moneylink(MoneylinkTest.java:36)oggger - Monyelink module opening
11:09:23.737 [main] INFO  pages.Moneylink.openMoneylinkPage(Moneylink.java:138)oggger - Redirecting to MoneyLink Module
11:09:25.348 [main] INFO  pages.Moneylink.openMoneylinkPage(Moneylink.java:143)oggger - Opened MoneyLink Module
11:09:25.348 [main] INFO  test.MoneylinkTest.open_moneylink(MoneylinkTest.java:38)oggger - Selecting bank and time period for accounting
11:09:27.364 [main] INFO  pages.Moneylink.setupMoneylink(Moneylink.java:151)oggger - Setup moneylink - Bank and Time period selection 
11:09:35.389 [main] INFO  test.MoneylinkTest.reset_moneylinktransaction(MoneylinkTest.java:47)oggger - Selecting transaction for reseting
11:10:04.492 [main] INFO  pages.Moneylink.transactionreset(Moneylink.java:463)oggger - Transaction reseted
11:10:07.822 [main] INFO  test.MoneylinkTest.reset_moneylinktransaction(MoneylinkTest.java:70)oggger - Transaction reseted
11:10:38.520 [main] INFO  test.MoneylinkTest.single_transaction_accounting(MoneylinkTest.java:92)oggger - Single transaction Accounted
11:10:38.523 [main] INFO  test.MoneylinkTest.moneylink_quickentry(MoneylinkTest.java:100)oggger - Selecting record for Moneylink Quick Entry
11:10:50.838 [main] INFO  pages.Moneylink.moneylinkquickentry(Moneylink.java:411)oggger - MoneyLink QuickEntry Done
11:10:52.388 [main] INFO  test.MoneylinkTest.moneylink_quickentry(MoneylinkTest.java:109)oggger - Moneylink Quick Entry Done
11:11:10.682 [main] INFO  pages.Moneylink.crbulkentries(Moneylink.java:335)oggger - CR bulk entries Done
11:11:12.246 [main] INFO  test.MoneylinkTest.CR_Bulkentries(MoneylinkTest.java:125)oggger - Moneylink CR_BUlk Entries Done
11:11:36.026 [main] INFO  pages.Moneylink.drbulkentries(Moneylink.java:379)oggger - DR bulk entries Done
11:11:37.590 [main] INFO  test.MoneylinkTest.DR_Bulkentries(MoneylinkTest.java:139)oggger - Moneylink DR_BUlk Entries Done
11:11:44.900 [main] INFO  pages.LogInPage.openURL(LogInPage.java:67)oggger - Opening the URL
11:11:46.913 [main] INFO  pages.LogInPage.performLogin(LogInPage.java:74)oggger - Entering Credentials for the Login
11:11:51.910 [main] INFO  pages.LogInPage.performLogin(LogInPage.java:84)oggger - Logged In Successfully
11:11:55.472 [main] INFO  pages.LogInPage.entityselection(LogInPage.java:104)oggger - Entity Selected
11:11:57.989 [main] INFO  pages.Reports.reports(Reports.java:63)oggger - Redirecting to the Report Module
11:12:07.408 [main] INFO  pages.Reports.reports(Reports.java:112)oggger - Export theBank Statementsdata successfully
11:12:18.375 [main] INFO  pages.LogInPage.openURL(LogInPage.java:67)oggger - Opening the URL
11:12:20.389 [main] INFO  pages.LogInPage.performLogin(LogInPage.java:74)oggger - Entering Credentials for the Login
11:12:25.700 [main] INFO  pages.LogInPage.performLogin(LogInPage.java:84)oggger - Logged In Successfully
11:12:29.810 [main] INFO  pages.LogInPage.entityselection(LogInPage.java:104)oggger - Entity Selected
15:57:37.914 [main] INFO  pages.LogInPage.openURL(LogInPage.java:67)oggger - Opening the URL
15:57:39.926 [main] INFO  pages.LogInPage.performLogin(LogInPage.java:74)oggger - Entering Credentials for the Login
15:57:45.022 [main] INFO  pages.LogInPage.performLogin(LogInPage.java:84)oggger - Logged In Successfully
15:57:48.732 [main] INFO  pages.LogInPage.entityselection(LogInPage.java:104)oggger - Entity Selected
15:58:15.199 [main] INFO  pages.LogInPage.openURL(LogInPage.java:67)oggger - Opening the URL
15:58:17.214 [main] INFO  pages.LogInPage.performLogin(LogInPage.java:74)oggger - Entering Credentials for the Login
15:58:22.279 [main] INFO  pages.LogInPage.performLogin(LogInPage.java:84)oggger - Logged In Successfully
15:58:25.847 [main] INFO  pages.LogInPage.entityselection(LogInPage.java:104)oggger - Entity Selected
15:58:28.407 [main] INFO  test.BankTest.OpenBankingModule(BankTest.java:34)oggger - Banking Module Open
15:58:28.751 [main] INFO  pages.BankingPage.addbank(BankingPage.java:113)oggger - Clicking for Add Bank
15:58:28.909 [main] INFO  pages.BankingPage.addbank(BankingPage.java:115)oggger - Entering the Financial Institute Details
15:58:33.308 [main] INFO  pages.BankingPage.addbank(BankingPage.java:131)oggger - Clicking on the Save Button for adding bank
15:58:33.571 [main] INFO  pages.BankingPage.addbank(BankingPage.java:135)oggger - Finanancial Insitute Added
15:58:39.774 [main] INFO  pages.BankingPage.update_Bank(BankingPage.java:166)oggger - Financial Institute Updated
15:58:46.210 [main] INFO  pages.BankingPage.deletebank(BankingPage.java:150)oggger - Financial Institute Deleted
15:58:53.272 [main] INFO  pages.BankingPage.deletebank(BankingPage.java:150)oggger - Financial Institute Deleted
15:59:00.289 [main] INFO  pages.BankingPage.deletebank(BankingPage.java:150)oggger - Financial Institute Deleted
15:59:10.882 [main] INFO  pages.LogInPage.openURL(LogInPage.java:67)oggger - Opening the URL
15:59:12.895 [main] INFO  pages.LogInPage.performLogin(LogInPage.java:74)oggger - Entering Credentials for the Login
15:59:17.845 [main] INFO  pages.LogInPage.performLogin(LogInPage.java:84)oggger - Logged In Successfully
15:59:21.648 [main] INFO  pages.LogInPage.entityselection(LogInPage.java:104)oggger - Entity Selected
15:59:24.181 [main] INFO  pages.Snapshot.createSnapshot(Snapshot.java:209)oggger - Create New Snapshot (Manually) 
15:59:31.338 [main] INFO  pages.Snapshot.createSnapshot(Snapshot.java:260)oggger - Snapshot created Successfully
15:59:37.683 [main] INFO  pages.Snapshot.deleteSnapshot(Snapshot.java:275)oggger - Snapshot Deleted Successfully
15:59:37.778 [main] INFO  pages.Snapshot.ExcelImport(Snapshot.java:370)oggger - Creating snapshot using Excel Import
16:00:55.475 [main] INFO  pages.Snapshot.ExcelImport(Snapshot.java:370)oggger - Creating snapshot using Excel Import
16:00:59.600 [main] INFO  pages.Snapshot.ExcelImport(Snapshot.java:370)oggger - Creating snapshot using Excel Import
16:01:03.961 [main] INFO  pages.Snapshot.snapshotquickentry(Snapshot.java:483)oggger - Quick Entry starting
16:01:07.047 [main] INFO  pages.Snapshot.snapshotquickentry(Snapshot.java:483)oggger - Quick Entry starting
16:01:10.160 [main] INFO  pages.Snapshot.snapshotquickentry(Snapshot.java:483)oggger - Quick Entry starting
16:01:29.545 [main] INFO  pages.Snapshot.bulkuploadsnapshot(Snapshot.java:329)oggger - Creating snapshot using bulk upload
16:01:34.678 [main] INFO  pages.Snapshot.bulkuploadsnapshot(Snapshot.java:329)oggger - Creating snapshot using bulk upload
16:01:39.839 [main] INFO  pages.Snapshot.bulkuploadsnapshot(Snapshot.java:329)oggger - Creating snapshot using bulk upload
16:01:45.638 [main] INFO  pages.Snapshot.deleteselectedsnapshot(Snapshot.java:281)oggger - Deletenig selected Snapshot
16:01:46.808 [main] INFO  pages.Snapshot.deleteselectedsnapshot(Snapshot.java:281)oggger - Deletenig selected Snapshot
16:01:48.018 [main] INFO  pages.Snapshot.deleteselectedsnapshot(Snapshot.java:281)oggger - Deletenig selected Snapshot
16:01:57.852 [main] INFO  pages.LogInPage.openURL(LogInPage.java:67)oggger - Opening the URL
16:04:59.511 [main] INFO  pages.LogInPage.openURL(LogInPage.java:67)oggger - Opening the URL
16:05:01.519 [main] INFO  pages.LogInPage.performLogin(LogInPage.java:74)oggger - Entering Credentials for the Login
16:05:06.528 [main] INFO  pages.LogInPage.performLogin(LogInPage.java:84)oggger - Logged In Successfully
16:05:10.252 [main] INFO  pages.LogInPage.entityselection(LogInPage.java:104)oggger - Entity Selected
16:05:35.820 [main] INFO  pages.LogInPage.openURL(LogInPage.java:67)oggger - Opening the URL
16:05:37.825 [main] INFO  pages.LogInPage.performLogin(LogInPage.java:74)oggger - Entering Credentials for the Login
16:05:42.840 [main] INFO  pages.LogInPage.performLogin(LogInPage.java:84)oggger - Logged In Successfully
16:05:46.487 [main] INFO  pages.LogInPage.entityselection(LogInPage.java:104)oggger - Entity Selected
16:05:49.056 [main] INFO  test.BankTest.OpenBankingModule(BankTest.java:34)oggger - Banking Module Open
16:05:49.439 [main] INFO  pages.BankingPage.addbank(BankingPage.java:113)oggger - Clicking for Add Bank
16:05:49.956 [main] INFO  pages.BankingPage.addbank(BankingPage.java:115)oggger - Entering the Financial Institute Details
16:05:53.981 [main] INFO  pages.BankingPage.addbank(BankingPage.java:131)oggger - Clicking on the Save Button for adding bank
16:05:54.203 [main] INFO  pages.BankingPage.addbank(BankingPage.java:135)oggger - Finanancial Insitute Added
16:06:00.451 [main] INFO  pages.BankingPage.update_Bank(BankingPage.java:166)oggger - Financial Institute Updated
16:06:06.870 [main] INFO  pages.BankingPage.deletebank(BankingPage.java:150)oggger - Financial Institute Deleted
16:06:14.381 [main] INFO  pages.BankingPage.deletebank(BankingPage.java:150)oggger - Financial Institute Deleted
16:06:22.738 [main] INFO  pages.BankingPage.deletebank(BankingPage.java:150)oggger - Financial Institute Deleted
16:06:35.057 [main] INFO  pages.LogInPage.openURL(LogInPage.java:67)oggger - Opening the URL
16:06:37.065 [main] INFO  pages.LogInPage.performLogin(LogInPage.java:74)oggger - Entering Credentials for the Login
16:06:42.034 [main] INFO  pages.LogInPage.performLogin(LogInPage.java:84)oggger - Logged In Successfully
16:06:46.033 [main] INFO  pages.LogInPage.entityselection(LogInPage.java:104)oggger - Entity Selected
16:06:48.556 [main] INFO  pages.Snapshot.createSnapshot(Snapshot.java:209)oggger - Create New Snapshot (Manually) 
16:06:55.428 [main] INFO  pages.Snapshot.createSnapshot(Snapshot.java:260)oggger - Snapshot created Successfully
16:07:01.761 [main] INFO  pages.Snapshot.deleteSnapshot(Snapshot.java:275)oggger - Snapshot Deleted Successfully
16:07:02.359 [main] INFO  pages.Snapshot.ExcelImport(Snapshot.java:370)oggger - Creating snapshot using Excel Import
16:08:20.077 [main] INFO  pages.Snapshot.ExcelImport(Snapshot.java:370)oggger - Creating snapshot using Excel Import
16:08:24.171 [main] INFO  pages.Snapshot.ExcelImport(Snapshot.java:370)oggger - Creating snapshot using Excel Import
16:08:28.548 [main] INFO  pages.Snapshot.snapshotquickentry(Snapshot.java:483)oggger - Quick Entry starting
16:08:31.602 [main] INFO  pages.Snapshot.snapshotquickentry(Snapshot.java:483)oggger - Quick Entry starting
16:08:34.689 [main] INFO  pages.Snapshot.snapshotquickentry(Snapshot.java:483)oggger - Quick Entry starting
16:08:54.218 [main] INFO  pages.Snapshot.bulkuploadsnapshot(Snapshot.java:329)oggger - Creating snapshot using bulk upload
16:08:59.407 [main] INFO  pages.Snapshot.bulkuploadsnapshot(Snapshot.java:329)oggger - Creating snapshot using bulk upload
16:22:15.977 [main] INFO  pages.LogInPage.openURL(LogInPage.java:67)oggger - Opening the URL
16:22:17.993 [main] INFO  pages.LogInPage.performLogin(LogInPage.java:74)oggger - Entering Credentials for the Login
16:22:22.962 [main] INFO  pages.LogInPage.performLogin(LogInPage.java:84)oggger - Logged In Successfully
16:22:26.236 [main] INFO  pages.LogInPage.entityselection(LogInPage.java:104)oggger - Entity Selected
16:22:28.871 [main] INFO  pages.Snapshot.createSnapshot(Snapshot.java:209)oggger - Create New Snapshot (Manually) 
16:22:35.671 [main] INFO  pages.Snapshot.createSnapshot(Snapshot.java:260)oggger - Snapshot created Successfully
16:22:41.985 [main] INFO  pages.Snapshot.deleteSnapshot(Snapshot.java:275)oggger - Snapshot Deleted Successfully
16:22:42.029 [main] INFO  pages.Snapshot.ExcelImport(Snapshot.java:370)oggger - Creating snapshot using Excel Import
16:23:34.933 [main] INFO  pages.Snapshot.ExcelImport(Snapshot.java:475)oggger - Created snapshot by Excel Import
16:23:34.967 [main] INFO  pages.Snapshot.snapshotquickentry(Snapshot.java:484)oggger - Quick Entry starting
16:24:09.773 [main] INFO  pages.Snapshot.bulkuploadsnapshot(Snapshot.java:329)oggger - Creating snapshot using bulk upload
16:24:35.548 [main] INFO  pages.Snapshot.bulkuploadsnapshot(Snapshot.java:362)oggger - Snapshot Created successfully by bulk upload
16:24:35.554 [main] INFO  pages.Snapshot.deleteselectedsnapshot(Snapshot.java:281)oggger - Deletenig selected Snapshot
16:24:49.269 [main] INFO  pages.Snapshot.deleteselectedsnapshot(Snapshot.java:321)oggger - selected Snapshot Deleted Successfully
16:28:24.856 [main] INFO  pages.LogInPage.openURL(LogInPage.java:67)oggger - Opening the URL
16:28:26.876 [main] INFO  pages.LogInPage.performLogin(LogInPage.java:74)oggger - Entering Credentials for the Login
16:28:31.757 [main] INFO  pages.LogInPage.performLogin(LogInPage.java:84)oggger - Logged In Successfully
16:28:36.137 [main] INFO  pages.LogInPage.entityselection(LogInPage.java:104)oggger - Entity Selected
16:28:59.990 [main] INFO  pages.LogInPage.openURL(LogInPage.java:67)oggger - Opening the URL
16:29:02.004 [main] INFO  pages.LogInPage.performLogin(LogInPage.java:74)oggger - Entering Credentials for the Login
16:29:06.882 [main] INFO  pages.LogInPage.performLogin(LogInPage.java:84)oggger - Logged In Successfully
16:29:10.239 [main] INFO  pages.LogInPage.entityselection(LogInPage.java:104)oggger - Entity Selected
16:29:12.774 [main] INFO  test.BankTest.OpenBankingModule(BankTest.java:34)oggger - Banking Module Open
16:29:13.114 [main] INFO  pages.BankingPage.addbank(BankingPage.java:113)oggger - Clicking for Add Bank
16:29:13.472 [main] INFO  pages.BankingPage.addbank(BankingPage.java:115)oggger - Entering the Financial Institute Details
16:29:17.459 [main] INFO  pages.BankingPage.addbank(BankingPage.java:131)oggger - Clicking on the Save Button for adding bank
16:29:17.693 [main] INFO  pages.BankingPage.addbank(BankingPage.java:135)oggger - Finanancial Insitute Added
16:29:23.738 [main] INFO  pages.BankingPage.update_Bank(BankingPage.java:166)oggger - Financial Institute Updated
16:29:30.020 [main] INFO  pages.BankingPage.deletebank(BankingPage.java:150)oggger - Financial Institute Deleted
16:29:37.223 [main] INFO  pages.BankingPage.deletebank(BankingPage.java:150)oggger - Financial Institute Deleted
16:29:44.420 [main] INFO  pages.BankingPage.deletebank(BankingPage.java:150)oggger - Financial Institute Deleted
16:29:54.192 [main] INFO  pages.LogInPage.openURL(LogInPage.java:67)oggger - Opening the URL
16:29:56.205 [main] INFO  pages.LogInPage.performLogin(LogInPage.java:74)oggger - Entering Credentials for the Login
16:30:01.152 [main] INFO  pages.LogInPage.performLogin(LogInPage.java:84)oggger - Logged In Successfully
16:30:05.071 [main] INFO  pages.LogInPage.entityselection(LogInPage.java:104)oggger - Entity Selected
16:30:07.599 [main] INFO  pages.Snapshot.createSnapshot(Snapshot.java:209)oggger - Create New Snapshot (Manually) 
16:30:14.570 [main] INFO  pages.Snapshot.createSnapshot(Snapshot.java:260)oggger - Snapshot created Successfully
16:30:20.854 [main] INFO  pages.Snapshot.deleteSnapshot(Snapshot.java:275)oggger - Snapshot Deleted Successfully
16:30:21.440 [main] INFO  pages.Snapshot.ExcelImport(Snapshot.java:370)oggger - Creating snapshot using Excel Import
16:31:54.909 [main] INFO  pages.LogInPage.openURL(LogInPage.java:67)oggger - Opening the URL
16:31:56.926 [main] INFO  pages.LogInPage.performLogin(LogInPage.java:74)oggger - Entering Credentials for the Login
16:32:01.802 [main] INFO  pages.LogInPage.performLogin(LogInPage.java:84)oggger - Logged In Successfully
16:32:05.185 [main] INFO  pages.LogInPage.entityselection(LogInPage.java:104)oggger - Entity Selected
16:32:29.503 [main] INFO  pages.LogInPage.openURL(LogInPage.java:67)oggger - Opening the URL
16:32:31.512 [main] INFO  pages.LogInPage.performLogin(LogInPage.java:74)oggger - Entering Credentials for the Login
16:32:36.379 [main] INFO  pages.LogInPage.performLogin(LogInPage.java:84)oggger - Logged In Successfully
16:32:39.910 [main] INFO  pages.LogInPage.entityselection(LogInPage.java:104)oggger - Entity Selected
16:32:42.466 [main] INFO  test.BankTest.OpenBankingModule(BankTest.java:34)oggger - Banking Module Open
16:32:42.789 [main] INFO  pages.BankingPage.addbank(BankingPage.java:113)oggger - Clicking for Add Bank
16:32:43.320 [main] INFO  pages.BankingPage.addbank(BankingPage.java:115)oggger - Entering the Financial Institute Details
16:32:47.105 [main] INFO  pages.BankingPage.addbank(BankingPage.java:131)oggger - Clicking on the Save Button for adding bank
16:32:47.263 [main] INFO  pages.BankingPage.addbank(BankingPage.java:135)oggger - Finanancial Insitute Added
16:32:53.176 [main] INFO  pages.BankingPage.update_Bank(BankingPage.java:166)oggger - Financial Institute Updated
16:32:59.402 [main] INFO  pages.BankingPage.deletebank(BankingPage.java:150)oggger - Financial Institute Deleted
16:33:06.558 [main] INFO  pages.BankingPage.deletebank(BankingPage.java:150)oggger - Financial Institute Deleted
16:33:13.733 [main] INFO  pages.BankingPage.deletebank(BankingPage.java:150)oggger - Financial Institute Deleted
16:33:22.210 [main] INFO  pages.LogInPage.openURL(LogInPage.java:67)oggger - Opening the URL
16:33:24.219 [main] INFO  pages.LogInPage.performLogin(LogInPage.java:74)oggger - Entering Credentials for the Login
16:33:29.050 [main] INFO  pages.LogInPage.performLogin(LogInPage.java:84)oggger - Logged In Successfully
16:33:32.284 [main] INFO  pages.LogInPage.entityselection(LogInPage.java:104)oggger - Entity Selected
16:33:34.806 [main] INFO  pages.Snapshot.createSnapshot(Snapshot.java:209)oggger - Create New Snapshot (Manually) 
16:33:40.424 [main] INFO  pages.Snapshot.createSnapshot(Snapshot.java:260)oggger - Snapshot created Successfully
16:33:46.666 [main] INFO  pages.Snapshot.deleteSnapshot(Snapshot.java:275)oggger - Snapshot Deleted Successfully
16:33:47.244 [main] INFO  pages.Snapshot.ExcelImport(Snapshot.java:370)oggger - Creating snapshot using Excel Import
16:35:07.652 [main] INFO  pages.Snapshot.ExcelImport(Snapshot.java:370)oggger - Creating snapshot using Excel Import
16:35:12.696 [main] INFO  pages.Snapshot.ExcelImport(Snapshot.java:370)oggger - Creating snapshot using Excel Import
16:35:17.927 [main] INFO  pages.Snapshot.snapshotquickentry(Snapshot.java:484)oggger - Quick Entry starting
16:35:20.577 [main] INFO  pages.Snapshot.snapshotquickentry(Snapshot.java:484)oggger - Quick Entry starting
16:35:23.125 [main] INFO  pages.Snapshot.snapshotquickentry(Snapshot.java:484)oggger - Quick Entry starting
16:35:41.375 [main] INFO  pages.Snapshot.bulkuploadsnapshot(Snapshot.java:329)oggger - Creating snapshot using bulk upload
16:35:46.446 [main] INFO  pages.Snapshot.bulkuploadsnapshot(Snapshot.java:329)oggger - Creating snapshot using bulk upload
16:35:51.502 [main] INFO  pages.Snapshot.bulkuploadsnapshot(Snapshot.java:329)oggger - Creating snapshot using bulk upload
16:35:56.767 [main] INFO  pages.Snapshot.deleteselectedsnapshot(Snapshot.java:281)oggger - Deletenig selected Snapshot
16:35:57.843 [main] INFO  pages.Snapshot.deleteselectedsnapshot(Snapshot.java:281)oggger - Deletenig selected Snapshot
16:35:58.894 [main] INFO  pages.Snapshot.deleteselectedsnapshot(Snapshot.java:281)oggger - Deletenig selected Snapshot
16:46:08.703 [main] INFO  pages.LogInPage.openURL(LogInPage.java:67)oggger - Opening the URL
16:46:10.717 [main] INFO  pages.LogInPage.performLogin(LogInPage.java:74)oggger - Entering Credentials for the Login
16:46:15.720 [main] INFO  pages.LogInPage.performLogin(LogInPage.java:84)oggger - Logged In Successfully
16:46:20.348 [main] INFO  pages.LogInPage.entityselection(LogInPage.java:104)oggger - Entity Selected
16:46:53.811 [main] INFO  pages.LogInPage.openURL(LogInPage.java:67)oggger - Opening the URL
16:46:55.819 [main] INFO  pages.LogInPage.performLogin(LogInPage.java:74)oggger - Entering Credentials for the Login
16:47:00.701 [main] INFO  pages.LogInPage.performLogin(LogInPage.java:84)oggger - Logged In Successfully
16:47:06.429 [main] INFO  pages.LogInPage.entityselection(LogInPage.java:104)oggger - Entity Selected
16:47:08.981 [main] INFO  test.BankTest.OpenBankingModule(BankTest.java:34)oggger - Banking Module Open
16:47:09.429 [main] INFO  pages.BankingPage.addbank(BankingPage.java:113)oggger - Clicking for Add Bank
16:47:09.535 [main] INFO  pages.BankingPage.addbank(BankingPage.java:115)oggger - Entering the Financial Institute Details
16:47:13.304 [main] INFO  pages.BankingPage.addbank(BankingPage.java:131)oggger - Clicking on the Save Button for adding bank
16:47:13.466 [main] INFO  pages.BankingPage.addbank(BankingPage.java:135)oggger - Finanancial Insitute Added
16:47:19.448 [main] INFO  pages.BankingPage.update_Bank(BankingPage.java:166)oggger - Financial Institute Updated
16:47:25.693 [main] INFO  pages.BankingPage.deletebank(BankingPage.java:150)oggger - Financial Institute Deleted
16:47:36.815 [main] INFO  pages.LogInPage.openURL(LogInPage.java:67)oggger - Opening the URL
16:47:38.831 [main] INFO  pages.LogInPage.performLogin(LogInPage.java:74)oggger - Entering Credentials for the Login
16:47:43.724 [main] INFO  pages.LogInPage.performLogin(LogInPage.java:84)oggger - Logged In Successfully
16:47:47.739 [main] INFO  pages.LogInPage.entityselection(LogInPage.java:104)oggger - Entity Selected
16:47:50.265 [main] INFO  pages.Snapshot.createSnapshot(Snapshot.java:209)oggger - Create New Snapshot (Manually) 
16:47:58.433 [main] INFO  pages.Snapshot.createSnapshot(Snapshot.java:260)oggger - Snapshot created Successfully
16:48:05.543 [main] INFO  pages.Snapshot.deleteSnapshot(Snapshot.java:275)oggger - Snapshot Deleted Successfully
16:48:05.608 [main] INFO  pages.Snapshot.snapshotquickentry(Snapshot.java:484)oggger - Quick Entry starting
16:48:41.294 [main] INFO  pages.Snapshot.bulkuploadsnapshot(Snapshot.java:329)oggger - Creating snapshot using bulk upload
16:49:06.028 [main] INFO  pages.Snapshot.deleteselectedsnapshot(Snapshot.java:281)oggger - Deletenig selected Snapshot
16:49:19.038 [main] INFO  pages.LogInPage.openURL(LogInPage.java:67)oggger - Opening the URL
16:49:21.040 [main] INFO  pages.LogInPage.performLogin(LogInPage.java:74)oggger - Entering Credentials for the Login
16:49:25.984 [main] INFO  pages.LogInPage.performLogin(LogInPage.java:84)oggger - Logged In Successfully
16:49:30.344 [main] INFO  pages.LogInPage.entityselection(LogInPage.java:104)oggger - Entity Selected
16:49:32.875 [main] INFO  test.MoneylinkTest.open_moneylink(MoneylinkTest.java:36)oggger - Monyelink module opening
16:49:32.875 [main] INFO  pages.Moneylink.openMoneylinkPage(Moneylink.java:138)oggger - Redirecting to MoneyLink Module
16:49:34.081 [main] INFO  pages.Moneylink.openMoneylinkPage(Moneylink.java:143)oggger - Opened MoneyLink Module
16:49:34.082 [main] INFO  test.MoneylinkTest.open_moneylink(MoneylinkTest.java:38)oggger - Selecting bank and time period for accounting
16:49:36.094 [main] INFO  pages.Moneylink.setupMoneylink(Moneylink.java:151)oggger - Setup moneylink - Bank and Time period selection 
16:49:42.947 [main] INFO  test.MoneylinkTest.reset_moneylinktransaction(MoneylinkTest.java:47)oggger - Selecting transaction for reseting
16:50:12.066 [main] INFO  pages.Moneylink.transactionreset(Moneylink.java:463)oggger - Transaction reseted
16:50:15.262 [main] INFO  test.MoneylinkTest.reset_moneylinktransaction(MoneylinkTest.java:70)oggger - Transaction reseted
16:50:45.118 [main] INFO  test.MoneylinkTest.single_transaction_accounting(MoneylinkTest.java:92)oggger - Single transaction Accounted
16:50:45.124 [main] INFO  test.MoneylinkTest.moneylink_quickentry(MoneylinkTest.java:100)oggger - Selecting record for Moneylink Quick Entry
16:50:57.158 [main] INFO  pages.Moneylink.moneylinkquickentry(Moneylink.java:411)oggger - MoneyLink QuickEntry Done
16:50:58.706 [main] INFO  test.MoneylinkTest.moneylink_quickentry(MoneylinkTest.java:109)oggger - Moneylink Quick Entry Done
16:51:16.614 [main] INFO  pages.Moneylink.crbulkentries(Moneylink.java:335)oggger - CR bulk entries Done
16:51:18.162 [main] INFO  test.MoneylinkTest.CR_Bulkentries(MoneylinkTest.java:125)oggger - Moneylink CR_BUlk Entries Done
16:51:41.678 [main] INFO  pages.Moneylink.drbulkentries(Moneylink.java:379)oggger - DR bulk entries Done
16:51:43.244 [main] INFO  test.MoneylinkTest.DR_Bulkentries(MoneylinkTest.java:139)oggger - Moneylink DR_BUlk Entries Done
16:52:02.124 [main] INFO  pages.LogInPage.openURL(LogInPage.java:67)oggger - Opening the URL
16:52:04.131 [main] INFO  pages.LogInPage.performLogin(LogInPage.java:74)oggger - Entering Credentials for the Login
16:52:08.953 [main] INFO  pages.LogInPage.performLogin(LogInPage.java:84)oggger - Logged In Successfully
16:52:15.358 [main] INFO  pages.LogInPage.entityselection(LogInPage.java:104)oggger - Entity Selected
16:52:17.874 [main] INFO  pages.Reports.reports(Reports.java:63)oggger - Redirecting to the Report Module
16:52:26.729 [main] INFO  pages.Reports.reports(Reports.java:112)oggger - Export theBank Statementsdata successfully
16:52:46.148 [main] INFO  pages.LogInPage.openURL(LogInPage.java:67)oggger - Opening the URL
16:52:48.158 [main] INFO  pages.LogInPage.performLogin(LogInPage.java:74)oggger - Entering Credentials for the Login
16:52:53.043 [main] INFO  pages.LogInPage.performLogin(LogInPage.java:84)oggger - Logged In Successfully
16:52:56.996 [main] INFO  pages.LogInPage.entityselection(LogInPage.java:104)oggger - Entity Selected
11:43:24.257 [main] INFO  pages.LogInPage.openURL(LogInPage.java:67)oggger - Opening the URL
11:43:26.271 [main] INFO  pages.LogInPage.performLogin(LogInPage.java:74)oggger - Entering Credentials for the Login
11:43:31.531 [main] INFO  pages.LogInPage.performLogin(LogInPage.java:84)oggger - Logged In Successfully
11:43:35.371 [main] INFO  pages.LogInPage.entityselection(LogInPage.java:104)oggger - Entity Selected
11:44:06.495 [main] INFO  pages.LogInPage.openURL(LogInPage.java:67)oggger - Opening the URL
11:44:08.505 [main] INFO  pages.LogInPage.performLogin(LogInPage.java:74)oggger - Entering Credentials for the Login
11:44:15.707 [main] INFO  pages.LogInPage.performLogin(LogInPage.java:84)oggger - Logged In Successfully
11:44:23.696 [main] INFO  pages.LogInPage.entityselection(LogInPage.java:104)oggger - Entity Selected
11:44:26.838 [main] INFO  test.BankTest.OpenBankingModule(BankTest.java:34)oggger - Banking Module Open
11:44:29.847 [main] INFO  pages.BankingPage.addbank(BankingPage.java:113)oggger - Clicking for Add Bank
11:44:30.628 [main] INFO  pages.BankingPage.addbank(BankingPage.java:115)oggger - Entering the Financial Institute Details
11:44:37.312 [main] INFO  pages.BankingPage.addbank(BankingPage.java:131)oggger - Clicking on the Save Button for adding bank
11:44:38.327 [main] INFO  pages.BankingPage.addbank(BankingPage.java:135)oggger - Finanancial Insitute Added
11:44:46.278 [main] INFO  pages.BankingPage.update_Bank(BankingPage.java:166)oggger - Financial Institute Updated
11:44:54.326 [main] INFO  pages.BankingPage.deletebank(BankingPage.java:150)oggger - Financial Institute Deleted
11:45:09.739 [main] INFO  pages.LogInPage.openURL(LogInPage.java:67)oggger - Opening the URL
11:45:11.744 [main] INFO  pages.LogInPage.performLogin(LogInPage.java:74)oggger - Entering Credentials for the Login
11:45:17.538 [main] INFO  pages.LogInPage.performLogin(LogInPage.java:84)oggger - Logged In Successfully
11:45:22.150 [main] INFO  pages.LogInPage.entityselection(LogInPage.java:104)oggger - Entity Selected
11:45:24.712 [main] INFO  pages.Snapshot.createSnapshot(Snapshot.java:209)oggger - Create New Snapshot (Manually) 
11:45:40.034 [main] INFO  pages.Snapshot.createSnapshot(Snapshot.java:260)oggger - Snapshot created Successfully
11:45:47.105 [main] INFO  pages.Snapshot.deleteSnapshot(Snapshot.java:275)oggger - Snapshot Deleted Successfully
11:45:47.800 [main] INFO  pages.Snapshot.snapshotquickentry(Snapshot.java:484)oggger - Quick Entry starting
11:46:30.207 [main] INFO  pages.Snapshot.bulkuploadsnapshot(Snapshot.java:329)oggger - Creating snapshot using bulk upload
11:46:57.474 [main] INFO  pages.Snapshot.deleteselectedsnapshot(Snapshot.java:281)oggger - Deletenig selected Snapshot
11:47:09.893 [main] INFO  pages.LogInPage.openURL(LogInPage.java:67)oggger - Opening the URL
11:47:11.912 [main] INFO  pages.LogInPage.performLogin(LogInPage.java:74)oggger - Entering Credentials for the Login
11:47:17.623 [main] INFO  pages.LogInPage.performLogin(LogInPage.java:84)oggger - Logged In Successfully
11:47:23.401 [main] INFO  pages.LogInPage.entityselection(LogInPage.java:104)oggger - Entity Selected
11:47:25.927 [main] INFO  test.MoneylinkTest.open_moneylink(MoneylinkTest.java:36)oggger - Monyelink module opening
11:47:25.927 [main] INFO  pages.Moneylink.openMoneylinkPage(Moneylink.java:138)oggger - Redirecting to MoneyLink Module
11:47:27.321 [main] INFO  pages.Moneylink.openMoneylinkPage(Moneylink.java:143)oggger - Opened MoneyLink Module
11:47:27.321 [main] INFO  test.MoneylinkTest.open_moneylink(MoneylinkTest.java:38)oggger - Selecting bank and time period for accounting
11:47:29.327 [main] INFO  pages.Moneylink.setupMoneylink(Moneylink.java:151)oggger - Setup moneylink - Bank and Time period selection 
11:47:37.665 [main] INFO  test.MoneylinkTest.reset_moneylinktransaction(MoneylinkTest.java:47)oggger - Selecting transaction for reseting
11:48:08.092 [main] INFO  pages.Moneylink.transactionreset(Moneylink.java:463)oggger - Transaction reseted
11:48:11.651 [main] INFO  test.MoneylinkTest.reset_moneylinktransaction(MoneylinkTest.java:70)oggger - Transaction reseted
11:49:20.956 [main] INFO  test.MoneylinkTest.single_transaction_accounting(MoneylinkTest.java:92)oggger - Single transaction Accounted
11:49:20.963 [main] INFO  test.MoneylinkTest.moneylink_quickentry(MoneylinkTest.java:100)oggger - Selecting record for Moneylink Quick Entry
11:49:34.755 [main] INFO  pages.Moneylink.moneylinkquickentry(Moneylink.java:411)oggger - MoneyLink QuickEntry Done
11:49:36.364 [main] INFO  test.MoneylinkTest.moneylink_quickentry(MoneylinkTest.java:109)oggger - Moneylink Quick Entry Done
11:49:55.981 [main] INFO  pages.Moneylink.crbulkentries(Moneylink.java:335)oggger - CR bulk entries Done
11:49:57.639 [main] INFO  test.MoneylinkTest.CR_Bulkentries(MoneylinkTest.java:125)oggger - Moneylink CR_BUlk Entries Done
11:50:23.015 [main] INFO  pages.Moneylink.drbulkentries(Moneylink.java:379)oggger - DR bulk entries Done
11:50:24.617 [main] INFO  test.MoneylinkTest.DR_Bulkentries(MoneylinkTest.java:139)oggger - Moneylink DR_BUlk Entries Done
11:50:36.874 [main] INFO  pages.LogInPage.openURL(LogInPage.java:67)oggger - Opening the URL
11:50:38.884 [main] INFO  pages.LogInPage.performLogin(LogInPage.java:74)oggger - Entering Credentials for the Login
11:50:44.448 [main] INFO  pages.LogInPage.performLogin(LogInPage.java:84)oggger - Logged In Successfully
11:50:50.603 [main] INFO  pages.LogInPage.entityselection(LogInPage.java:104)oggger - Entity Selected
11:50:53.125 [main] INFO  pages.Reports.reports(Reports.java:63)oggger - Redirecting to the Report Module
11:51:03.185 [main] INFO  pages.Reports.reports(Reports.java:112)oggger - Export theBank Statementsdata successfully
11:51:09.034 [main] INFO  pages.LogInPage.openURL(LogInPage.java:67)oggger - Opening the URL
11:51:11.044 [main] INFO  pages.LogInPage.performLogin(LogInPage.java:74)oggger - Entering Credentials for the Login
11:51:19.861 [main] INFO  pages.LogInPage.performLogin(LogInPage.java:84)oggger - Logged In Successfully
11:51:24.165 [main] INFO  pages.LogInPage.entityselection(LogInPage.java:104)oggger - Entity Selected
13:18:19.895 [TestNG-tests-2] INFO  pages.LogInPage.openURL(LogInPage.java:67)oggger - Opening the URL
13:18:21.903 [TestNG-tests-2] INFO  pages.LogInPage.performLogin(LogInPage.java:74)oggger - Entering Credentials for the Login
13:18:23.097 [TestNG-tests-1] INFO  pages.LogInPage.openURL(LogInPage.java:67)oggger - Opening the URL
13:18:25.110 [TestNG-tests-1] INFO  pages.LogInPage.performLogin(LogInPage.java:74)oggger - Entering Credentials for the Login
13:18:28.730 [TestNG-tests-3] INFO  pages.LogInPage.openURL(LogInPage.java:67)oggger - Opening the URL
13:18:30.739 [TestNG-tests-3] INFO  pages.LogInPage.performLogin(LogInPage.java:74)oggger - Entering Credentials for the Login
13:18:32.119 [TestNG-tests-1] INFO  pages.LogInPage.performLogin(LogInPage.java:84)oggger - Logged In Successfully
13:18:32.200 [TestNG-tests-2] INFO  pages.LogInPage.performLogin(LogInPage.java:84)oggger - Logged In Successfully
13:18:44.742 [TestNG-tests-3] INFO  pages.LogInPage.performLogin(LogInPage.java:84)oggger - Logged In Successfully
13:20:51.550 [TestNG-tests-1] INFO  pages.LogInPage.openURL(LogInPage.java:67)oggger - Opening the URL
13:20:53.553 [TestNG-tests-1] INFO  pages.LogInPage.performLogin(LogInPage.java:74)oggger - Entering Credentials for the Login
13:20:58.415 [TestNG-tests-1] INFO  pages.LogInPage.performLogin(LogInPage.java:84)oggger - Logged In Successfully
13:21:01.843 [TestNG-tests-1] INFO  pages.LogInPage.entityselection(LogInPage.java:104)oggger - Entity Selected
13:21:04.405 [TestNG-tests-1] INFO  test.BankTest.OpenBankingModule(BankTest.java:34)oggger - Banking Module Open
13:21:12.052 [TestNG-tests-1] INFO  pages.LogInPage.openURL(LogInPage.java:67)oggger - Opening the URL
13:21:14.065 [TestNG-tests-1] INFO  pages.LogInPage.performLogin(LogInPage.java:74)oggger - Entering Credentials for the Login
13:21:19.098 [TestNG-tests-1] INFO  pages.LogInPage.performLogin(LogInPage.java:84)oggger - Logged In Successfully
13:21:27.214 [TestNG-tests-2] INFO  pages.LogInPage.openURL(LogInPage.java:67)oggger - Opening the URL
13:21:29.231 [TestNG-tests-2] INFO  pages.LogInPage.performLogin(LogInPage.java:74)oggger - Entering Credentials for the Login
13:21:37.454 [TestNG-tests-3] INFO  pages.LogInPage.openURL(LogInPage.java:67)oggger - Opening the URL
13:21:39.457 [TestNG-tests-3] INFO  pages.LogInPage.performLogin(LogInPage.java:74)oggger - Entering Credentials for the Login
13:21:44.284 [TestNG-tests-3] INFO  pages.LogInPage.performLogin(LogInPage.java:84)oggger - Logged In Successfully
13:21:49.633 [TestNG-tests-3] INFO  pages.LogInPage.entityselection(LogInPage.java:104)oggger - Entity Selected
13:22:41.853 [TestNG-tests-2] INFO  pages.LogInPage.openURL(LogInPage.java:67)oggger - Opening the URL
13:22:42.619 [TestNG-tests-1] INFO  pages.LogInPage.openURL(LogInPage.java:67)oggger - Opening the URL
13:22:43.858 [TestNG-tests-2] INFO  pages.LogInPage.performLogin(LogInPage.java:74)oggger - Entering Credentials for the Login
13:22:44.624 [TestNG-tests-1] INFO  pages.LogInPage.performLogin(LogInPage.java:74)oggger - Entering Credentials for the Login
13:22:48.988 [TestNG-tests-2] INFO  pages.LogInPage.performLogin(LogInPage.java:84)oggger - Logged In Successfully
13:22:49.519 [TestNG-tests-1] INFO  pages.LogInPage.performLogin(LogInPage.java:84)oggger - Logged In Successfully
13:35:24.520 [main] INFO  pages.LogInPage.openURL(LogInPage.java:67)oggger - Opening the URL
13:35:26.539 [main] INFO  pages.LogInPage.performLogin(LogInPage.java:74)oggger - Entering Credentials for the Login
13:35:31.498 [main] INFO  pages.LogInPage.performLogin(LogInPage.java:84)oggger - Logged In Successfully
13:35:35.445 [main] INFO  pages.LogInPage.entityselection(LogInPage.java:104)oggger - Entity Selected
13:35:59.126 [main] INFO  pages.LogInPage.openURL(LogInPage.java:67)oggger - Opening the URL
13:36:01.131 [main] INFO  pages.LogInPage.performLogin(LogInPage.java:74)oggger - Entering Credentials for the Login
13:36:05.990 [main] INFO  pages.LogInPage.performLogin(LogInPage.java:84)oggger - Logged In Successfully
13:36:09.177 [main] INFO  pages.LogInPage.entityselection(LogInPage.java:104)oggger - Entity Selected
13:36:11.717 [main] INFO  test.BankTest.OpenBankingModule(BankTest.java:34)oggger - Banking Module Open
13:36:11.972 [main] INFO  pages.BankingPage.addbank(BankingPage.java:113)oggger - Clicking for Add Bank
13:36:12.161 [main] INFO  pages.BankingPage.addbank(BankingPage.java:115)oggger - Entering the Financial Institute Details
13:36:16.026 [main] INFO  pages.BankingPage.addbank(BankingPage.java:131)oggger - Clicking on the Save Button for adding bank
13:36:16.172 [main] INFO  pages.BankingPage.addbank(BankingPage.java:135)oggger - Finanancial Insitute Added
13:36:22.130 [main] INFO  pages.BankingPage.update_Bank(BankingPage.java:166)oggger - Financial Institute Updated
13:36:28.874 [main] INFO  pages.BankingPage.deletebank(BankingPage.java:150)oggger - Financial Institute Deleted
13:36:39.483 [main] INFO  pages.LogInPage.openURL(LogInPage.java:67)oggger - Opening the URL
13:36:41.486 [main] INFO  pages.LogInPage.performLogin(LogInPage.java:74)oggger - Entering Credentials for the Login
13:36:46.326 [main] INFO  pages.LogInPage.performLogin(LogInPage.java:84)oggger - Logged In Successfully
13:36:49.877 [main] INFO  pages.LogInPage.entityselection(LogInPage.java:104)oggger - Entity Selected
13:36:52.410 [main] INFO  pages.Snapshot.createSnapshot(Snapshot.java:209)oggger - Create New Snapshot (Manually) 
13:36:58.222 [main] INFO  pages.Snapshot.createSnapshot(Snapshot.java:260)oggger - Snapshot created Successfully
13:37:05.000 [main] INFO  pages.Snapshot.deleteSnapshot(Snapshot.java:275)oggger - Snapshot Deleted Successfully
13:37:05.046 [main] INFO  pages.Snapshot.snapshotquickentry(Snapshot.java:484)oggger - Quick Entry starting
13:37:41.739 [main] INFO  pages.Snapshot.bulkuploadsnapshot(Snapshot.java:329)oggger - Creating snapshot using bulk upload
13:38:06.565 [main] INFO  pages.Snapshot.deleteselectedsnapshot(Snapshot.java:281)oggger - Deletenig selected Snapshot
13:38:15.358 [main] INFO  pages.LogInPage.openURL(LogInPage.java:67)oggger - Opening the URL
13:38:17.361 [main] INFO  pages.LogInPage.performLogin(LogInPage.java:74)oggger - Entering Credentials for the Login
13:38:22.248 [main] INFO  pages.LogInPage.performLogin(LogInPage.java:84)oggger - Logged In Successfully
13:38:25.485 [main] INFO  pages.LogInPage.entityselection(LogInPage.java:104)oggger - Entity Selected
13:38:27.995 [main] INFO  test.MoneylinkTest.open_moneylink(MoneylinkTest.java:36)oggger - Monyelink module opening
13:38:27.995 [main] INFO  pages.Moneylink.openMoneylinkPage(Moneylink.java:138)oggger - Redirecting to MoneyLink Module
13:38:29.182 [main] INFO  pages.Moneylink.openMoneylinkPage(Moneylink.java:143)oggger - Opened MoneyLink Module
13:38:29.183 [main] INFO  test.MoneylinkTest.open_moneylink(MoneylinkTest.java:38)oggger - Selecting bank and time period for accounting
13:38:31.189 [main] INFO  pages.Moneylink.setupMoneylink(Moneylink.java:151)oggger - Setup moneylink - Bank and Time period selection 
13:38:38.068 [main] INFO  test.MoneylinkTest.reset_moneylinktransaction(MoneylinkTest.java:47)oggger - Selecting transaction for reseting
13:39:06.788 [main] INFO  pages.Moneylink.transactionreset(Moneylink.java:463)oggger - Transaction reseted
13:39:10.103 [main] INFO  test.MoneylinkTest.reset_moneylinktransaction(MoneylinkTest.java:70)oggger - Transaction reseted
13:39:40.250 [main] INFO  test.MoneylinkTest.single_transaction_accounting(MoneylinkTest.java:92)oggger - Single transaction Accounted
13:39:40.253 [main] INFO  test.MoneylinkTest.moneylink_quickentry(MoneylinkTest.java:100)oggger - Selecting record for Moneylink Quick Entry
13:39:52.282 [main] INFO  pages.Moneylink.moneylinkquickentry(Moneylink.java:411)oggger - MoneyLink QuickEntry Done
13:39:53.828 [main] INFO  test.MoneylinkTest.moneylink_quickentry(MoneylinkTest.java:109)oggger - Moneylink Quick Entry Done
13:40:11.690 [main] INFO  pages.Moneylink.crbulkentries(Moneylink.java:335)oggger - CR bulk entries Done
13:40:13.244 [main] INFO  test.MoneylinkTest.CR_Bulkentries(MoneylinkTest.java:125)oggger - Moneylink CR_BUlk Entries Done
13:40:37.056 [main] INFO  pages.Moneylink.drbulkentries(Moneylink.java:379)oggger - DR bulk entries Done
13:40:38.614 [main] INFO  test.MoneylinkTest.DR_Bulkentries(MoneylinkTest.java:139)oggger - Moneylink DR_BUlk Entries Done
13:40:45.412 [main] INFO  pages.LogInPage.openURL(LogInPage.java:67)oggger - Opening the URL
13:40:47.422 [main] INFO  pages.LogInPage.performLogin(LogInPage.java:74)oggger - Entering Credentials for the Login
13:40:52.312 [main] INFO  pages.LogInPage.performLogin(LogInPage.java:84)oggger - Logged In Successfully
13:40:55.673 [main] INFO  pages.LogInPage.entityselection(LogInPage.java:104)oggger - Entity Selected
13:40:58.181 [main] INFO  pages.Reports.reports(Reports.java:63)oggger - Redirecting to the Report Module
13:41:07.212 [main] INFO  pages.Reports.reports(Reports.java:112)oggger - Export theBank Statementsdata successfully
13:41:17.791 [main] INFO  pages.LogInPage.openURL(LogInPage.java:67)oggger - Opening the URL
13:41:19.803 [main] INFO  pages.LogInPage.performLogin(LogInPage.java:74)oggger - Entering Credentials for the Login
13:41:24.690 [main] INFO  pages.LogInPage.performLogin(LogInPage.java:84)oggger - Logged In Successfully
13:41:27.998 [main] INFO  pages.LogInPage.entityselection(LogInPage.java:104)oggger - Entity Selected
14:47:36.010 [main] INFO  pages.LogInPage.openURL(LogInPage.java:67)oggger - Opening the URL
14:47:38.022 [main] INFO  pages.LogInPage.performLogin(LogInPage.java:74)oggger - Entering Credentials for the Login
14:47:46.936 [main] INFO  pages.LogInPage.performLogin(LogInPage.java:84)oggger - Logged In Successfully
14:47:51.663 [main] INFO  pages.LogInPage.entityselection(LogInPage.java:104)oggger - Entity Selected
14:47:54.511 [main] INFO  pages.Snapshot.bulkuploadsnapshot(Snapshot.java:329)oggger - Creating snapshot using bulk upload
15:11:11.757 [main] INFO  pages.LogInPage.openURL(LogInPage.java:67)oggger - Opening the URL
15:11:13.781 [main] INFO  pages.LogInPage.performLogin(LogInPage.java:74)oggger - Entering Credentials for the Login
15:11:19.401 [main] INFO  pages.LogInPage.performLogin(LogInPage.java:84)oggger - Logged In Successfully
15:11:24.128 [main] INFO  pages.LogInPage.entityselection(LogInPage.java:104)oggger - Entity Selected
15:11:26.805 [main] INFO  pages.Snapshot.bulkuploadsnapshot(Snapshot.java:329)oggger - Creating snapshot using bulk upload
15:12:10.288 [main] INFO  pages.Snapshot.bulkuploadsnapshot(Snapshot.java:381)oggger - Snapshot Created successfully by bulk upload
15:14:06.998 [main] INFO  pages.LogInPage.openURL(LogInPage.java:67)oggger - Opening the URL
15:14:09.019 [main] INFO  pages.LogInPage.performLogin(LogInPage.java:74)oggger - Entering Credentials for the Login
15:14:14.663 [main] INFO  pages.LogInPage.performLogin(LogInPage.java:84)oggger - Logged In Successfully
15:14:19.060 [main] INFO  pages.LogInPage.entityselection(LogInPage.java:104)oggger - Entity Selected
15:14:21.686 [main] INFO  pages.Snapshot.bulkuploadsnapshot(Snapshot.java:329)oggger - Creating snapshot using bulk upload
15:14:48.735 [main] INFO  pages.Snapshot.bulkuploadsnapshot(Snapshot.java:381)oggger - Snapshot Created successfully by bulk upload
15:34:54.318 [main] INFO  pages.LogInPage.openURL(LogInPage.java:67)oggger - Opening the URL
15:34:56.328 [main] INFO  pages.LogInPage.performLogin(LogInPage.java:74)oggger - Entering Credentials for the Login
15:35:01.728 [main] INFO  pages.LogInPage.performLogin(LogInPage.java:84)oggger - Logged In Successfully
15:35:05.596 [main] INFO  pages.LogInPage.entityselection(LogInPage.java:104)oggger - Entity Selected
15:35:08.248 [main] INFO  pages.Snapshot.ExcelImport(Snapshot.java:386)oggger - Creating snapshot using Excel Import
15:36:02.621 [main] INFO  pages.Snapshot.ExcelImport(Snapshot.java:522)oggger - Created snapshot by Excel Import
15:38:14.483 [TestNG-tests-2] INFO  pages.LogInPage.openURL(LogInPage.java:67)oggger - Opening the URL
15:38:15.785 [TestNG-tests-1] INFO  pages.LogInPage.openURL(LogInPage.java:67)oggger - Opening the URL
15:38:16.497 [TestNG-tests-2] INFO  pages.LogInPage.performLogin(LogInPage.java:74)oggger - Entering Credentials for the Login
15:38:17.790 [TestNG-tests-1] INFO  pages.LogInPage.performLogin(LogInPage.java:74)oggger - Entering Credentials for the Login
15:38:22.530 [TestNG-tests-2] INFO  pages.LogInPage.performLogin(LogInPage.java:84)oggger - Logged In Successfully
15:38:26.282 [TestNG-tests-1] INFO  pages.LogInPage.openURL(LogInPage.java:67)oggger - Opening the URL
15:38:28.291 [TestNG-tests-1] INFO  pages.LogInPage.performLogin(LogInPage.java:74)oggger - Entering Credentials for the Login
15:38:28.349 [TestNG-tests-2] INFO  pages.LogInPage.openURL(LogInPage.java:67)oggger - Opening the URL
15:38:30.352 [TestNG-tests-2] INFO  pages.LogInPage.performLogin(LogInPage.java:74)oggger - Entering Credentials for the Login
15:38:39.527 [TestNG-tests-1] INFO  pages.LogInPage.performLogin(LogInPage.java:84)oggger - Logged In Successfully
15:44:31.859 [TestNG-tests-1] INFO  pages.LogInPage.openURL(LogInPage.java:67)oggger - Opening the URL
15:44:33.875 [TestNG-tests-1] INFO  pages.LogInPage.performLogin(LogInPage.java:74)oggger - Entering Credentials for the Login
15:44:42.973 [TestNG-tests-2] INFO  pages.LogInPage.openURL(LogInPage.java:67)oggger - Opening the URL
15:44:44.912 [TestNG-tests-1] INFO  pages.LogInPage.performLogin(LogInPage.java:84)oggger - Logged In Successfully
15:44:44.983 [TestNG-tests-2] INFO  pages.LogInPage.performLogin(LogInPage.java:74)oggger - Entering Credentials for the Login
15:44:50.213 [TestNG-tests-1] INFO  pages.LogInPage.entityselection(LogInPage.java:104)oggger - Entity Selected
15:44:50.975 [TestNG-tests-2] INFO  pages.LogInPage.performLogin(LogInPage.java:84)oggger - Logged In Successfully
15:44:56.233 [TestNG-tests-2] INFO  pages.LogInPage.entityselection(LogInPage.java:104)oggger - Entity Selected
15:45:23.238 [TestNG-tests-1] INFO  pages.LogInPage.openURL(LogInPage.java:67)oggger - Opening the URL
15:45:25.240 [TestNG-tests-1] INFO  pages.LogInPage.performLogin(LogInPage.java:74)oggger - Entering Credentials for the Login
15:45:30.704 [TestNG-tests-1] INFO  pages.LogInPage.performLogin(LogInPage.java:84)oggger - Logged In Successfully
15:45:30.977 [TestNG-tests-2] INFO  pages.LogInPage.openURL(LogInPage.java:67)oggger - Opening the URL
15:45:32.985 [TestNG-tests-2] INFO  pages.LogInPage.performLogin(LogInPage.java:74)oggger - Entering Credentials for the Login
15:45:36.522 [TestNG-tests-1] INFO  pages.LogInPage.entityselection(LogInPage.java:104)oggger - Entity Selected
15:45:38.856 [TestNG-tests-2] INFO  pages.LogInPage.performLogin(LogInPage.java:84)oggger - Logged In Successfully
15:45:39.191 [TestNG-tests-1] INFO  test.BankTest.OpenBankingModule(BankTest.java:34)oggger - Banking Module Open
15:45:44.249 [TestNG-tests-2] INFO  pages.LogInPage.entityselection(LogInPage.java:104)oggger - Entity Selected
15:45:46.778 [TestNG-tests-2] INFO  test.BankTest.OpenBankingModule(BankTest.java:34)oggger - Banking Module Open
15:45:48.232 [TestNG-tests-1] INFO  pages.LogInPage.openURL(LogInPage.java:67)oggger - Opening the URL
15:45:50.237 [TestNG-tests-1] INFO  pages.LogInPage.performLogin(LogInPage.java:74)oggger - Entering Credentials for the Login
15:45:55.939 [TestNG-tests-1] INFO  pages.LogInPage.performLogin(LogInPage.java:84)oggger - Logged In Successfully
15:45:56.575 [TestNG-tests-2] INFO  pages.LogInPage.openURL(LogInPage.java:67)oggger - Opening the URL
15:45:58.581 [TestNG-tests-2] INFO  pages.LogInPage.performLogin(LogInPage.java:74)oggger - Entering Credentials for the Login
15:46:00.611 [TestNG-tests-1] INFO  pages.LogInPage.entityselection(LogInPage.java:104)oggger - Entity Selected
15:46:03.183 [TestNG-tests-1] INFO  pages.Snapshot.createSnapshot(Snapshot.java:210)oggger - Create New Snapshot (Manually) 
15:46:04.424 [TestNG-tests-2] INFO  pages.LogInPage.performLogin(LogInPage.java:84)oggger - Logged In Successfully
15:46:10.107 [TestNG-tests-2] INFO  pages.LogInPage.entityselection(LogInPage.java:104)oggger - Entity Selected
15:46:10.424 [TestNG-tests-1] INFO  pages.LogInPage.openURL(LogInPage.java:67)oggger - Opening the URL
15:46:12.442 [TestNG-tests-1] INFO  pages.LogInPage.performLogin(LogInPage.java:74)oggger - Entering Credentials for the Login
15:46:12.625 [TestNG-tests-2] INFO  pages.Snapshot.createSnapshot(Snapshot.java:210)oggger - Create New Snapshot (Manually) 
15:46:20.111 [TestNG-tests-1] INFO  pages.LogInPage.performLogin(LogInPage.java:84)oggger - Logged In Successfully
15:46:25.148 [TestNG-tests-2] INFO  pages.Snapshot.createSnapshot(Snapshot.java:261)oggger - Snapshot created Successfully
15:46:26.134 [TestNG-tests-1] INFO  pages.LogInPage.entityselection(LogInPage.java:104)oggger - Entity Selected
15:46:28.794 [TestNG-tests-1] INFO  test.MoneylinkTest.open_moneylink(MoneylinkTest.java:36)oggger - Monyelink module opening
15:46:28.796 [TestNG-tests-1] INFO  pages.Moneylink.openMoneylinkPage(Moneylink.java:138)oggger - Redirecting to MoneyLink Module
15:46:31.086 [TestNG-tests-1] INFO  pages.Moneylink.openMoneylinkPage(Moneylink.java:143)oggger - Opened MoneyLink Module
15:46:31.088 [TestNG-tests-1] INFO  test.MoneylinkTest.open_moneylink(MoneylinkTest.java:38)oggger - Selecting bank and time period for accounting
15:46:33.099 [TestNG-tests-1] INFO  pages.Moneylink.setupMoneylink(Moneylink.java:151)oggger - Setup moneylink - Bank and Time period selection 
15:46:34.636 [TestNG-tests-2] INFO  pages.LogInPage.openURL(LogInPage.java:67)oggger - Opening the URL
15:46:36.646 [TestNG-tests-2] INFO  pages.LogInPage.performLogin(LogInPage.java:74)oggger - Entering Credentials for the Login
15:46:41.470 [TestNG-tests-1] INFO  pages.BankingPage.addbank(BankingPage.java:113)oggger - Clicking for Add Bank
15:46:41.856 [TestNG-tests-1] INFO  pages.BankingPage.addbank(BankingPage.java:115)oggger - Entering the Financial Institute Details
15:46:42.207 [TestNG-tests-2] INFO  pages.LogInPage.performLogin(LogInPage.java:84)oggger - Logged In Successfully
15:46:46.460 [TestNG-tests-2] INFO  pages.LogInPage.entityselection(LogInPage.java:104)oggger - Entity Selected
15:46:46.681 [TestNG-tests-1] INFO  pages.BankingPage.addbank(BankingPage.java:131)oggger - Clicking on the Save Button for adding bank
15:46:47.114 [TestNG-tests-1] INFO  pages.BankingPage.addbank(BankingPage.java:135)oggger - Finanancial Insitute Added
15:46:48.974 [TestNG-tests-2] INFO  test.MoneylinkTest.open_moneylink(MoneylinkTest.java:36)oggger - Monyelink module opening
15:46:48.974 [TestNG-tests-2] INFO  pages.Moneylink.openMoneylinkPage(Moneylink.java:138)oggger - Redirecting to MoneyLink Module
15:46:50.623 [TestNG-tests-2] INFO  pages.Moneylink.openMoneylinkPage(Moneylink.java:143)oggger - Opened MoneyLink Module
15:46:50.623 [TestNG-tests-2] INFO  test.MoneylinkTest.open_moneylink(MoneylinkTest.java:38)oggger - Selecting bank and time period for accounting
15:46:52.627 [TestNG-tests-2] INFO  pages.Moneylink.setupMoneylink(Moneylink.java:151)oggger - Setup moneylink - Bank and Time period selection 
15:47:02.664 [TestNG-tests-2] INFO  pages.BankingPage.addbank(BankingPage.java:113)oggger - Clicking for Add Bank
15:47:02.977 [TestNG-tests-1] INFO  test.MoneylinkTest.reset_moneylinktransaction(MoneylinkTest.java:47)oggger - Selecting transaction for reseting
15:47:03.336 [TestNG-tests-2] INFO  pages.BankingPage.addbank(BankingPage.java:115)oggger - Entering the Financial Institute Details
15:47:08.438 [TestNG-tests-2] INFO  pages.BankingPage.addbank(BankingPage.java:131)oggger - Clicking on the Save Button for adding bank
15:47:09.258 [TestNG-tests-2] INFO  pages.BankingPage.addbank(BankingPage.java:135)oggger - Finanancial Insitute Added
15:47:17.479 [TestNG-tests-2] INFO  pages.Snapshot.deleteSnapshot(Snapshot.java:276)oggger - Snapshot Deleted Successfully
15:47:17.687 [TestNG-tests-2] INFO  test.MoneylinkTest.reset_moneylinktransaction(MoneylinkTest.java:47)oggger - Selecting transaction for reseting
15:47:34.440 [TestNG-tests-1] INFO  pages.Moneylink.transactionreset(Moneylink.java:463)oggger - Transaction reseted
15:47:38.596 [TestNG-tests-1] INFO  test.MoneylinkTest.reset_moneylinktransaction(MoneylinkTest.java:70)oggger - Transaction reseted
15:47:44.509 [TestNG-tests-1] INFO  pages.BankingPage.update_Bank(BankingPage.java:166)oggger - Financial Institute Updated
15:47:46.737 [TestNG-tests-1] INFO  pages.Snapshot.ExcelImport(Snapshot.java:386)oggger - Creating snapshot using Excel Import
15:47:50.781 [TestNG-tests-2] INFO  pages.Moneylink.transactionreset(Moneylink.java:463)oggger - Transaction reseted
15:47:55.221 [TestNG-tests-2] INFO  test.MoneylinkTest.reset_moneylinktransaction(MoneylinkTest.java:70)oggger - Transaction reseted
15:48:01.267 [TestNG-tests-2] INFO  pages.BankingPage.update_Bank(BankingPage.java:166)oggger - Financial Institute Updated
15:48:01.319 [TestNG-tests-1] INFO  pages.Snapshot.snapshotquickentry(Snapshot.java:524)oggger - Quick Entry starting
15:48:03.704 [TestNG-tests-2] INFO  pages.Snapshot.ExcelImport(Snapshot.java:386)oggger - Creating snapshot using Excel Import
15:48:40.022 [TestNG-tests-1] INFO  test.MoneylinkTest.single_transaction_accounting(MoneylinkTest.java:92)oggger - Single transaction Accounted
15:48:44.986 [TestNG-tests-1] INFO  pages.BankingPage.deletebank(BankingPage.java:150)oggger - Financial Institute Deleted
15:48:58.702 [TestNG-tests-2] INFO  pages.Snapshot.ExcelImport(Snapshot.java:515)oggger - Created snapshot by Excel Import
15:48:58.916 [TestNG-tests-2] INFO  pages.Snapshot.snapshotquickentry(Snapshot.java:524)oggger - Quick Entry starting
15:51:14.146 [main] INFO  pages.LogInPage.openURL(LogInPage.java:67)oggger - Opening the URL
15:51:16.182 [main] INFO  pages.LogInPage.performLogin(LogInPage.java:74)oggger - Entering Credentials for the Login
15:51:21.948 [main] INFO  pages.LogInPage.performLogin(LogInPage.java:84)oggger - Logged In Successfully
15:51:27.890 [main] INFO  pages.LogInPage.entityselection(LogInPage.java:104)oggger - Entity Selected
15:51:30.564 [main] INFO  pages.Snapshot.createSnapshot(Snapshot.java:210)oggger - Create New Snapshot (Manually) 
15:51:42.143 [main] INFO  pages.Snapshot.createSnapshot(Snapshot.java:261)oggger - Snapshot created Successfully
15:51:50.265 [main] INFO  pages.Snapshot.deleteSnapshot(Snapshot.java:276)oggger - Snapshot Deleted Successfully
15:51:50.488 [main] INFO  pages.Snapshot.ExcelImport(Snapshot.java:386)oggger - Creating snapshot using Excel Import
15:52:45.869 [main] INFO  pages.Snapshot.ExcelImport(Snapshot.java:515)oggger - Created snapshot by Excel Import
15:52:45.939 [main] INFO  pages.Snapshot.snapshotquickentry(Snapshot.java:524)oggger - Quick Entry starting
15:53:29.824 [main] INFO  pages.Snapshot.bulkuploadsnapshot(Snapshot.java:330)oggger - Creating snapshot using bulk upload
15:54:32.617 [main] INFO  pages.Snapshot.bulkuploadsnapshot(Snapshot.java:378)oggger - Snapshot Created successfully by bulk upload
15:54:32.633 [main] INFO  pages.Snapshot.deleteselectedsnapshot(Snapshot.java:282)oggger - Deletenig selected Snapshot
15:54:55.448 [main] INFO  pages.Snapshot.deleteselectedsnapshot(Snapshot.java:322)oggger - selected Snapshot Deleted Successfully
15:55:02.848 [main] INFO  pages.LogInPage.openURL(LogInPage.java:67)oggger - Opening the URL
15:55:04.857 [main] INFO  pages.LogInPage.performLogin(LogInPage.java:74)oggger - Entering Credentials for the Login
15:55:10.490 [main] INFO  pages.LogInPage.performLogin(LogInPage.java:84)oggger - Logged In Successfully
15:55:14.696 [main] INFO  pages.LogInPage.entityselection(LogInPage.java:104)oggger - Entity Selected
15:55:17.232 [main] INFO  test.MoneylinkTest.open_moneylink(MoneylinkTest.java:36)oggger - Monyelink module opening
15:55:17.232 [main] INFO  pages.Moneylink.openMoneylinkPage(Moneylink.java:138)oggger - Redirecting to MoneyLink Module
15:55:18.731 [main] INFO  pages.Moneylink.openMoneylinkPage(Moneylink.java:143)oggger - Opened MoneyLink Module
15:55:18.734 [main] INFO  test.MoneylinkTest.open_moneylink(MoneylinkTest.java:38)oggger - Selecting bank and time period for accounting
15:55:20.741 [main] INFO  pages.Moneylink.setupMoneylink(Moneylink.java:151)oggger - Setup moneylink - Bank and Time period selection 
15:55:29.249 [main] INFO  test.MoneylinkTest.reset_moneylinktransaction(MoneylinkTest.java:47)oggger - Selecting transaction for reseting
15:56:00.068 [main] INFO  pages.Moneylink.transactionreset(Moneylink.java:463)oggger - Transaction reseted
15:56:04.222 [main] INFO  test.MoneylinkTest.reset_moneylinktransaction(MoneylinkTest.java:70)oggger - Transaction reseted
15:56:39.832 [main] INFO  test.MoneylinkTest.single_transaction_accounting(MoneylinkTest.java:92)oggger - Single transaction Accounted
15:56:39.845 [main] INFO  test.MoneylinkTest.moneylink_quickentry(MoneylinkTest.java:100)oggger - Selecting record for Moneylink Quick Entry
15:56:54.063 [main] INFO  pages.Moneylink.moneylinkquickentry(Moneylink.java:411)oggger - MoneyLink QuickEntry Done
15:56:55.737 [main] INFO  test.MoneylinkTest.moneylink_quickentry(MoneylinkTest.java:109)oggger - Moneylink Quick Entry Done
15:57:16.992 [main] INFO  pages.Moneylink.crbulkentries(Moneylink.java:335)oggger - CR bulk entries Done
15:57:18.665 [main] INFO  test.MoneylinkTest.CR_Bulkentries(MoneylinkTest.java:125)oggger - Moneylink CR_BUlk Entries Done
15:57:46.848 [main] INFO  pages.Moneylink.drbulkentries(Moneylink.java:379)oggger - DR bulk entries Done
15:57:48.574 [main] INFO  test.MoneylinkTest.DR_Bulkentries(MoneylinkTest.java:139)oggger - Moneylink DR_BUlk Entries Done
15:57:53.842 [main] INFO  pages.LogInPage.openURL(LogInPage.java:67)oggger - Opening the URL
15:57:55.850 [main] INFO  pages.LogInPage.performLogin(LogInPage.java:74)oggger - Entering Credentials for the Login
16:23:16.904 [TestNG-tests-2] INFO  pages.LogInPage.openURL(LogInPage.java:67)oggger - Opening the URL
16:23:18.931 [TestNG-tests-2] INFO  pages.LogInPage.performLogin(LogInPage.java:74)oggger - Entering Credentials for the Login
16:23:31.992 [TestNG-tests-1] INFO  pages.LogInPage.openURL(LogInPage.java:67)oggger - Opening the URL
16:23:33.997 [TestNG-tests-1] INFO  pages.LogInPage.performLogin(LogInPage.java:74)oggger - Entering Credentials for the Login
16:23:37.897 [TestNG-tests-2] INFO  pages.LogInPage.performLogin(LogInPage.java:84)oggger - Logged In Successfully
16:23:40.349 [TestNG-tests-1] INFO  pages.LogInPage.performLogin(LogInPage.java:84)oggger - Logged In Successfully
16:23:45.778 [TestNG-tests-2] INFO  pages.LogInPage.entityselection(LogInPage.java:104)oggger - Entity Selected
16:23:47.710 [TestNG-tests-1] INFO  pages.LogInPage.entityselection(LogInPage.java:104)oggger - Entity Selected
16:23:48.533 [TestNG-tests-2] INFO  pages.Snapshot.createSnapshot(Snapshot.java:210)oggger - Create New Snapshot (Manually) 
16:23:50.271 [TestNG-tests-1] INFO  pages.Snapshot.createSnapshot(Snapshot.java:210)oggger - Create New Snapshot (Manually) 
16:23:59.447 [TestNG-tests-1] INFO  pages.Snapshot.createSnapshot(Snapshot.java:261)oggger - Snapshot created Successfully
16:24:01.583 [TestNG-tests-2] INFO  pages.Snapshot.createSnapshot(Snapshot.java:261)oggger - Snapshot created Successfully
16:24:04.955 [TestNG-tests-1] INFO  pages.LogInPage.openURL(LogInPage.java:67)oggger - Opening the URL
16:24:06.976 [TestNG-tests-1] INFO  pages.LogInPage.performLogin(LogInPage.java:74)oggger - Entering Credentials for the Login
16:24:23.371 [TestNG-tests-1] INFO  pages.LogInPage.performLogin(LogInPage.java:84)oggger - Logged In Successfully
16:24:30.095 [TestNG-tests-1] INFO  pages.LogInPage.entityselection(LogInPage.java:104)oggger - Entity Selected
16:24:32.653 [TestNG-tests-1] INFO  test.MoneylinkTest.open_moneylink(MoneylinkTest.java:36)oggger - Monyelink module opening
16:24:32.653 [TestNG-tests-1] INFO  pages.Moneylink.openMoneylinkPage(Moneylink.java:138)oggger - Redirecting to MoneyLink Module
16:24:34.265 [TestNG-tests-1] INFO  pages.Moneylink.openMoneylinkPage(Moneylink.java:143)oggger - Opened MoneyLink Module
16:24:34.265 [TestNG-tests-1] INFO  test.MoneylinkTest.open_moneylink(MoneylinkTest.java:38)oggger - Selecting bank and time period for accounting
16:24:36.274 [TestNG-tests-1] INFO  pages.Moneylink.setupMoneylink(Moneylink.java:151)oggger - Setup moneylink - Bank and Time period selection 
16:24:36.882 [TestNG-tests-2] INFO  pages.LogInPage.openURL(LogInPage.java:67)oggger - Opening the URL
16:24:38.891 [TestNG-tests-2] INFO  pages.LogInPage.performLogin(LogInPage.java:74)oggger - Entering Credentials for the Login
16:24:44.667 [TestNG-tests-2] INFO  pages.LogInPage.performLogin(LogInPage.java:84)oggger - Logged In Successfully
16:24:51.547 [TestNG-tests-1] INFO  pages.Snapshot.deleteSnapshot(Snapshot.java:276)oggger - Snapshot Deleted Successfully
16:24:51.879 [TestNG-tests-1] INFO  test.MoneylinkTest.reset_moneylinktransaction(MoneylinkTest.java:47)oggger - Selecting transaction for reseting
16:24:52.982 [TestNG-tests-2] INFO  pages.LogInPage.entityselection(LogInPage.java:104)oggger - Entity Selected
16:24:55.503 [TestNG-tests-2] INFO  test.MoneylinkTest.open_moneylink(MoneylinkTest.java:36)oggger - Monyelink module opening
16:24:55.503 [TestNG-tests-2] INFO  pages.Moneylink.openMoneylinkPage(Moneylink.java:138)oggger - Redirecting to MoneyLink Module
16:24:56.943 [TestNG-tests-2] INFO  pages.Moneylink.openMoneylinkPage(Moneylink.java:143)oggger - Opened MoneyLink Module
16:24:56.944 [TestNG-tests-2] INFO  test.MoneylinkTest.open_moneylink(MoneylinkTest.java:38)oggger - Selecting bank and time period for accounting
16:24:58.954 [TestNG-tests-2] INFO  pages.Moneylink.setupMoneylink(Moneylink.java:151)oggger - Setup moneylink - Bank and Time period selection 
16:25:15.312 [TestNG-tests-2] INFO  pages.Snapshot.deleteSnapshot(Snapshot.java:276)oggger - Snapshot Deleted Successfully
16:25:15.529 [TestNG-tests-2] INFO  test.MoneylinkTest.reset_moneylinktransaction(MoneylinkTest.java:47)oggger - Selecting transaction for reseting
16:25:23.426 [TestNG-tests-1] INFO  pages.Moneylink.transactionreset(Moneylink.java:463)oggger - Transaction reseted
16:25:27.570 [TestNG-tests-1] INFO  test.MoneylinkTest.reset_moneylinktransaction(MoneylinkTest.java:70)oggger - Transaction reseted
16:25:27.602 [TestNG-tests-1] INFO  pages.Snapshot.ExcelImport(Snapshot.java:386)oggger - Creating snapshot using Excel Import
16:25:48.182 [TestNG-tests-2] INFO  pages.Moneylink.transactionreset(Moneylink.java:463)oggger - Transaction reseted
16:25:52.863 [TestNG-tests-2] INFO  test.MoneylinkTest.reset_moneylinktransaction(MoneylinkTest.java:70)oggger - Transaction reseted
16:25:52.878 [TestNG-tests-2] INFO  pages.Snapshot.ExcelImport(Snapshot.java:386)oggger - Creating snapshot using Excel Import
16:26:21.989 [TestNG-tests-1] INFO  pages.Snapshot.ExcelImport(Snapshot.java:515)oggger - Created snapshot by Excel Import
16:26:22.095 [TestNG-tests-1] INFO  pages.Snapshot.snapshotquickentry(Snapshot.java:524)oggger - Quick Entry starting
16:26:47.980 [TestNG-tests-2] INFO  pages.Snapshot.ExcelImport(Snapshot.java:515)oggger - Created snapshot by Excel Import
16:26:48.090 [TestNG-tests-2] INFO  pages.Snapshot.snapshotquickentry(Snapshot.java:524)oggger - Quick Entry starting
16:27:25.920 [TestNG-tests-1] INFO  test.MoneylinkTest.single_transaction_accounting(MoneylinkTest.java:92)oggger - Single transaction Accounted
16:27:41.754 [TestNG-tests-1] INFO  test.MoneylinkTest.moneylink_quickentry(MoneylinkTest.java:100)oggger - Selecting record for Moneylink Quick Entry
16:27:57.676 [TestNG-tests-1] INFO  pages.Moneylink.moneylinkquickentry(Moneylink.java:411)oggger - MoneyLink QuickEntry Done
16:27:59.302 [TestNG-tests-1] INFO  test.MoneylinkTest.moneylink_quickentry(MoneylinkTest.java:109)oggger - Moneylink Quick Entry Done
16:27:59.310 [TestNG-tests-1] INFO  pages.Snapshot.bulkuploadsnapshot(Snapshot.java:330)oggger - Creating snapshot using bulk upload
16:28:11.974 [TestNG-tests-2] INFO  test.MoneylinkTest.moneylink_quickentry(MoneylinkTest.java:100)oggger - Selecting record for Moneylink Quick Entry
16:28:25.407 [TestNG-tests-2] INFO  pages.Snapshot.bulkuploadsnapshot(Snapshot.java:330)oggger - Creating snapshot using bulk upload
16:29:03.728 [TestNG-tests-1] INFO  pages.Snapshot.bulkuploadsnapshot(Snapshot.java:378)oggger - Snapshot Created successfully by bulk upload
16:29:06.455 [TestNG-tests-2] INFO  pages.Snapshot.bulkuploadsnapshot(Snapshot.java:378)oggger - Snapshot Created successfully by bulk upload
16:29:25.300 [TestNG-tests-1] INFO  pages.Moneylink.crbulkentries(Moneylink.java:335)oggger - CR bulk entries Done
16:29:27.089 [TestNG-tests-1] INFO  test.MoneylinkTest.CR_Bulkentries(MoneylinkTest.java:125)oggger - Moneylink CR_BUlk Entries Done
16:29:27.109 [TestNG-tests-1] INFO  pages.Snapshot.deleteselectedsnapshot(Snapshot.java:282)oggger - Deletenig selected Snapshot
16:29:40.417 [TestNG-tests-2] INFO  pages.Moneylink.crbulkentries(Moneylink.java:335)oggger - CR bulk entries Done
16:29:42.182 [TestNG-tests-2] INFO  test.MoneylinkTest.CR_Bulkentries(MoneylinkTest.java:125)oggger - Moneylink CR_BUlk Entries Done
16:29:42.201 [TestNG-tests-2] INFO  pages.Snapshot.deleteselectedsnapshot(Snapshot.java:282)oggger - Deletenig selected Snapshot
16:29:43.382 [TestNG-tests-1] INFO  pages.Snapshot.deleteselectedsnapshot(Snapshot.java:322)oggger - selected Snapshot Deleted Successfully
16:29:59.280 [TestNG-tests-2] INFO  pages.Snapshot.deleteselectedsnapshot(Snapshot.java:322)oggger - selected Snapshot Deleted Successfully
10:46:32.319 [main] INFO  pages.LogInPage.openURL(LogInPage.java:67)oggger - Opening the URL
10:46:34.341 [main] INFO  pages.LogInPage.performLogin(LogInPage.java:74)oggger - Entering Credentials for the Login
10:46:40.181 [main] INFO  pages.LogInPage.performLogin(LogInPage.java:84)oggger - Logged In Successfully
10:46:45.231 [main] INFO  pages.LogInPage.entityselection(LogInPage.java:104)oggger - Entity Selected
10:46:47.993 [main] INFO  pages.Snapshot.createSnapshot(Snapshot.java:210)oggger - Create New Snapshot (Manually) 
10:51:03.454 [main] INFO  pages.LogInPage.openURL(LogInPage.java:67)oggger - Opening the URL
10:51:05.480 [main] INFO  pages.LogInPage.performLogin(LogInPage.java:74)oggger - Entering Credentials for the Login
16:13:07.591 [main] INFO  pages.LogInPage.openURL(LogInPage.java:67)oggger - Opening the URL
16:13:09.604 [main] INFO  pages.LogInPage.performLogin(LogInPage.java:74)oggger - Entering Credentials for the Login
16:13:15.650 [main] INFO  pages.LogInPage.performLogin(LogInPage.java:84)oggger - Logged In Successfully
16:13:20.289 [main] INFO  pages.LogInPage.entityselection(LogInPage.java:104)oggger - Entity Selected
16:13:22.961 [main] INFO  pages.Snapshot.snapshotquickentry(Snapshot.java:524)oggger - Quick Entry starting
16:19:49.751 [main] INFO  pages.LogInPage.openURL(LogInPage.java:67)oggger - Opening the URL
16:19:51.764 [main] INFO  pages.LogInPage.performLogin(LogInPage.java:74)oggger - Entering Credentials for the Login
16:19:57.645 [main] INFO  pages.LogInPage.performLogin(LogInPage.java:84)oggger - Logged In Successfully
16:20:02.530 [main] INFO  pages.LogInPage.entityselection(LogInPage.java:104)oggger - Entity Selected
16:20:05.356 [main] INFO  pages.Snapshot.snapshotquickentry(Snapshot.java:523)oggger - Quick Entry starting
16:31:21.757 [main] INFO  pages.LogInPage.openURL(LogInPage.java:67)oggger - Opening the URL
16:31:23.764 [main] INFO  pages.LogInPage.performLogin(LogInPage.java:74)oggger - Entering Credentials for the Login
16:31:28.736 [main] INFO  pages.LogInPage.performLogin(LogInPage.java:84)oggger - Logged In Successfully
16:31:32.013 [main] INFO  pages.LogInPage.entityselection(LogInPage.java:104)oggger - Entity Selected
16:31:34.573 [main] INFO  pages.Snapshot.snapshotquickentry(Snapshot.java:523)oggger - Quick Entry starting
16:36:18.607 [main] INFO  pages.LogInPage.openURL(LogInPage.java:67)oggger - Opening the URL
16:36:20.623 [main] INFO  pages.LogInPage.performLogin(LogInPage.java:74)oggger - Entering Credentials for the Login
16:36:25.651 [main] INFO  pages.LogInPage.performLogin(LogInPage.java:84)oggger - Logged In Successfully
16:36:29.297 [main] INFO  pages.LogInPage.entityselection(LogInPage.java:104)oggger - Entity Selected
16:36:31.944 [main] INFO  pages.Snapshot.snapshotquickentry(Snapshot.java:523)oggger - Quick Entry starting
13:32:42.172 [main] INFO  pages.LogInPage.openURL(LogInPage.java:67)oggger - Opening the URL
13:32:44.195 [main] INFO  pages.LogInPage.performLogin(LogInPage.java:74)oggger - Entering Credentials for the Login
13:32:49.887 [main] INFO  pages.LogInPage.performLogin(LogInPage.java:84)oggger - Logged In Successfully
13:32:54.061 [main] INFO  pages.LogInPage.entityselection(LogInPage.java:104)oggger - Entity Selected
13:33:25.453 [main] INFO  pages.LogInPage.openURL(LogInPage.java:67)oggger - Opening the URL
13:33:27.465 [main] INFO  pages.LogInPage.performLogin(LogInPage.java:74)oggger - Entering Credentials for the Login
13:33:32.830 [main] INFO  pages.LogInPage.performLogin(LogInPage.java:84)oggger - Logged In Successfully
13:33:36.708 [main] INFO  pages.LogInPage.entityselection(LogInPage.java:104)oggger - Entity Selected
13:33:39.400 [main] INFO  test.BankTest.OpenBankingModule(BankTest.java:34)oggger - Banking Module Open
13:33:39.797 [main] INFO  pages.BankingPage.addbank(BankingPage.java:113)oggger - Clicking for Add Bank
13:33:40.393 [main] INFO  pages.BankingPage.addbank(BankingPage.java:115)oggger - Entering the Financial Institute Details
13:33:44.801 [main] INFO  pages.BankingPage.addbank(BankingPage.java:131)oggger - Clicking on the Save Button for adding bank
13:33:45.038 [main] INFO  pages.BankingPage.addbank(BankingPage.java:135)oggger - Finanancial Insitute Added
13:33:52.259 [main] INFO  pages.BankingPage.update_Bank(BankingPage.java:166)oggger - Financial Institute Updated
13:33:59.129 [main] INFO  pages.BankingPage.deletebank(BankingPage.java:150)oggger - Financial Institute Deleted
13:37:18.401 [main] INFO  pages.LogInPage.openURL(LogInPage.java:67)oggger - Opening the URL
13:37:20.409 [main] INFO  pages.LogInPage.performLogin(LogInPage.java:74)oggger - Entering Credentials for the Login
13:37:26.066 [main] INFO  pages.LogInPage.performLogin(LogInPage.java:84)oggger - Logged In Successfully
13:37:30.680 [main] INFO  pages.LogInPage.entityselection(LogInPage.java:104)oggger - Entity Selected
13:38:03.290 [main] INFO  pages.LogInPage.openURL(LogInPage.java:67)oggger - Opening the URL
13:38:05.301 [main] INFO  pages.LogInPage.performLogin(LogInPage.java:74)oggger - Entering Credentials for the Login
13:38:10.971 [main] INFO  pages.LogInPage.performLogin(LogInPage.java:84)oggger - Logged In Successfully
13:38:15.025 [main] INFO  pages.LogInPage.entityselection(LogInPage.java:104)oggger - Entity Selected
13:38:17.699 [main] INFO  test.BankTest.OpenBankingModule(BankTest.java:34)oggger - Banking Module Open
13:38:18.199 [main] INFO  pages.BankingPage.addbank(BankingPage.java:113)oggger - Clicking for Add Bank
13:38:18.777 [main] INFO  pages.BankingPage.addbank(BankingPage.java:115)oggger - Entering the Financial Institute Details
13:38:23.328 [main] INFO  pages.BankingPage.addbank(BankingPage.java:131)oggger - Clicking on the Save Button for adding bank
13:38:23.636 [main] INFO  pages.BankingPage.addbank(BankingPage.java:135)oggger - Finanancial Insitute Added
13:38:30.387 [main] INFO  pages.BankingPage.update_Bank(BankingPage.java:166)oggger - Financial Institute Updated
13:38:36.958 [main] INFO  pages.BankingPage.deletebank(BankingPage.java:150)oggger - Financial Institute Deleted
